instance;recursions;rootTime;cleaningTime;packingTime;flowerTime;digraphTime;busyCycleBranchingTime;cycleSearchTime;tarjanTime;totalTime;firstLowerbound;firstDigraphNodes;firstCleans;tarjanString
../instances/synthetic/synth-n_40-m_95-k_6-p_0.1.txt;0;11985873;0;0;0;0;0;0;0;11989242;0;1;3;null
../instances/synthetic/synth-n_90-m_214-k_8-p_0.05.txt;5;23862911;1982649;177970;0;203753;1559147;5672;0;28279365;2;0;4;null
../instances/complex/biology-n_13-m_51-p_0.5-22;2;11016296;1564038;343821;0;633795;0;6475;0;14049413;3;0;0;null
../instances/complex/ucsocial-n_100;0;15454279;0;0;0;0;0;0;0;15455921;0;9;5;null
../instances/complex/bitcoinalpha-n_400;0;25005262;0;0;0;0;0;0;0;25008414;0;20;8;null
../instances/complex/advotogo-n_200;0;11010012;0;0;0;0;0;0;0;11012402;0;5;0;null
../instances/complex/talk-oc-n_100;0;9938239;0;0;0;0;0;0;0;9942034;0;1;0;null
../instances/complex/advotogo-n_500;0;60846357;0;0;0;0;0;0;0;60849029;0;21;15;null
../instances/complex/blogs-n_300;0;96452804;0;0;0;0;0;0;0;96457027;0;7;29;null
../instances/synthetic/synth-n_160-m_683-k_8-p_0.05.txt;2;114250661;11555283;920696;0;1912234;0;14344;0;142793371;4;0;1;null
../instances/synthetic/synth-n_60-m_226-k_15-p_0.1.txt;254;33440921;53685369;9514555;31415599;7111162;30366239;1442;0;208864488;5;0;1;null
../instances/complex/blogs-n_400;22;158925584;10219766;500539;0;744910;1068547;3666;0;173430222;8;14;29;null
../instances/synthetic/synth-n_140-m_1056-k_8-p_0.1.txt;1;203627400;20547897;1587427;0;6056264;0;13553;0;232908035;4;0;4;null
../instances/synthetic/synth-n_250-m_3161-k_2-p_0.1.txt;0;288829201;0;0;0;0;0;0;0;288832048;0;0;2;null
../instances/synthetic/synth-n_200-m_2076-k_6-p_0.1.txt;0;262275636;0;0;0;0;0;0;0;262278016;0;0;6;null
../instances/synthetic/synth-n_100-m_596-k_15-p_0.1.txt;313;102393099;190640397;43144902;5828696;6530300;58230373;879;0;449489442;12;0;0;null
../instances/synthetic/synth-n_160-m_746-k_15-p_0.05.txt;214;103669231;154748042;48830536;3259242;5277492;36417294;2746;0;412474746;5;0;2;null
../instances/synthetic/synth-n_300-m_4553-k_2-p_0.1.txt;0;376882516;0;0;0;0;0;0;0;376884628;0;0;2;null
../instances/complex/link-kv-n_500;539;206992881;276371763;15953243;941185;8145493;11719048;1336;0;554010186;21;52;6;null
../instances/synthetic/synth-n_300-m_9125-k_6-p_0.2.txt;1;884327913;63443718;10225232;0;8768792;0;9294;0;970851318;6;0;0;null
../instances/complex/biology-n_12-m_45-p_0.9-19;0;6740694;0;0;0;0;0;0;0;6745088;0;0;1;null
../instances/complex/moreno_cattle-n_28-m_217;2;35126247;82475;174601;0;246592;607724;7161;0;36586267;2;0;6;null
../instances/synthetic/synth-n_120-m_368-k_2-p_0.05.txt;0;18987049;0;0;0;0;0;0;0;18988531;0;0;2;null
../instances/synthetic/synth-n_70-m_560-k_10-p_0.2.txt;12;46592287;29801704;4024029;0;2237854;2301929;9347;0;91808478;7;0;0;null
../instances/synthetic/synth-n_30-m_28-k_4-p_0.05.txt;0;9052061;0;0;0;0;0;0;0;9065329;0;2;0;null
../instances/synthetic/synth-n_10-m_12-k_4-p_0.2.txt;0;6835588;0;0;0;0;0;0;0;6841813;0;0;1;null
../instances/complex/baydry;0;46565500;0;0;0;0;0;0;0;46567379;0;0;7;null
../instances/complex/GD-n_80-m_232.mtx;8;47167516;618233;10134135;0;335054;936997;4972;0;61120978;2;0;16;null
../instances/synthetic/synth-n_80-m_343-k_10-p_0.1.txt;18;48285681;30661000;3059446;0;2513086;2576335;7910;0;90717446;3;0;2;null
../instances/synthetic/synth-n_100-m_1119-k_8-p_0.2.txt;1;114219655;26101107;5772670;0;4161521;0;11842;0;151984802;8;0;0;null
../instances/synthetic/synth-n_100-m_1028-k_4-p_0.2.txt;1;84503405;12098582;1726835;0;3932123;0;207087;0;104708245;4;0;0;null
../instances/synthetic/synth-n_225-m_1385-k_8-p_0.05.txt;0;193756517;0;0;0;0;0;0;0;193757880;0;0;8;null
../instances/synthetic/synth-n_225-m_2732-k_4-p_0.1.txt;0;258574260;0;0;0;0;0;0;0;258576783;0;0;4;null
../instances/synthetic/synth-n_120-m_1738-k_15-p_0.2.txt;2;236305792;51829556;6643832;0;14909944;1552016;8472;0;312304041;15;0;0;null
../instances/synthetic/synth-n_160-m_2776-k_8-p_0.2.txt;1;279002209;57914334;4889200;0;6119492;0;9353;0;350014240;8;0;0;null
../instances/synthetic/synth-n_200-m_4765-k_30-p_0.2.txt;14;767575102;277812415;31720327;0;8550483;9410774;4600;0;1101106563;28;0;0;null
../instances/synthetic/synth-n_60-m_126-k_8-p_0.05.txt;0;14832097;0;0;0;0;0;0;0;14833669;0;0;4;null
../instances/synthetic/synth-n_50-m_70-k_4-p_0.05.txt;0;11337374;0;0;0;0;0;0;0;11340347;0;0;0;null
../instances/synthetic/synth-n_120-m_395-k_8-p_0.05.txt;0;48648296;0;0;0;0;0;0;0;48651189;0;0;7;null
../instances/complex/health-n_700;5;59998911;294429;208569;0;166496;0;4497;0;61053968;2;107;16;null
../instances/synthetic/synth-n_60-m_211-k_10-p_0.1.txt;23;25964357;45961294;3059426;0;6277860;2818462;4773;0;101083205;5;0;0;null
../instances/synthetic/synth-n_140-m_2487-k_30-p_0.2.txt;321;359604937;1505872057;80730560;12273551;9982732;159798206;95289;0;2174523872;28;0;0;null
../instances/complex/moreno_mac-n_62-m_1187;141;68582829;20665556;20023010;4157654;1801231;36191366;1706;0;169096547;8;0;3;null
../instances/complex/usairport-n_300;8;115295858;1647409;211847;0;486413;0;9177;0;118325707;5;15;25;null
../instances/synthetic/synth-n_275-m_1958-k_4-p_0.05.txt;0;165199091;0;0;0;0;0;0;0;165201334;0;0;4;null
../instances/synthetic/synth-n_120-m_1485-k_6-p_0.2.txt;6;196508370;14754205;2989924;0;3201118;5057773;10909;0;225114199;5;0;0;null
../instances/synthetic/synth-n_275-m_2130-k_20-p_0.05.txt;17;317534236;169757002;14583400;4524749;3814748;8060778;4276;0;528893461;17;0;0;null
../instances/synthetic/synth-n_275-m_4276-k_20-p_0.1.txt;4;526271486;123186028;11864000;0;6667018;3023898;4273;0;674556041;19;0;0;null
../instances/synthetic/synth-n_275-m_7787-k_6-p_0.2.txt;1;571054874;65209204;5729527;0;7820732;0;9633;0;653713460;6;0;0;null
../instances/synthetic/synth-n_225-m_5734-k_20-p_0.2.txt;1;680151091;170822220;12588096;0;7219380;0;8627;0;873383022;20;0;0;null
../instances/complex/biology-n_30-m_287-p_0.5-5;107320;76275154;2197622305;500857589;59923729;43767124;1676503534;146;0;5497565110;8;0;0;null
../instances/complex/biology-n_12-m_43-p_0.9-25;0;7992305;0;0;0;0;0;0;0;7998048;0;0;1;null
../instances/complex/ChicagoRegional-n_100;0;1477139;0;0;0;0;0;0;0;1480477;0;0;0;null
../instances/synthetic/synth-n_30-m_99-k_4-p_0.2.txt;0;10108321;0;0;0;0;0;0;0;10110964;0;2;1;null
../instances/synthetic/synth-n_160-m_1318-k_4-p_0.1.txt;0;86036444;0;0;0;0;0;0;0;86039477;0;0;4;null
../instances/synthetic/synth-n_80-m_667-k_2-p_0.2.txt;0;56941935;0;0;0;0;0;0;0;56945099;0;0;2;null
../instances/synthetic/synth-n_90-m_450-k_2-p_0.1.txt;0;45837361;0;0;0;0;0;0;0;45839341;0;0;2;null
../instances/complex/health-n_800;0;95907183;0;0;0;0;0;0;0;95908617;0;116;48;null
../instances/synthetic/synth-n_90-m_863-k_2-p_0.2.txt;0;52971206;0;0;0;0;0;0;0;52973388;0;0;2;null
../instances/synthetic/synth-n_250-m_1569-k_4-p_0.05.txt;0;123092538;0;0;0;0;0;0;0;123094676;0;0;4;null
../instances/synthetic/synth-n_300-m_2234-k_4-p_0.05.txt;0;179675707;0;0;0;0;0;0;0;179676229;0;0;4;null
../instances/synthetic/synth-n_140-m_2195-k_10-p_0.2.txt;1;192207440;37463439;5769209;0;4375541;0;7517;0;241054669;10;0;0;null
../instances/synthetic/synth-n_300-m_2382-k_6-p_0.05.txt;0;225779111;0;0;0;0;0;0;0;225781240;0;0;6;null
../instances/synthetic/synth-n_140-m_2299-k_20-p_0.2.txt;6;271162126;102217477;8431539;0;4394303;3933489;6765;0;392220576;19;0;0;null
../instances/synthetic/synth-n_300-m_2418-k_10-p_0.05.txt;1;307578747;46881595;3495166;0;4731926;0;7904;0;364779230;7;0;3;null
../instances/synthetic/synth-n_275-m_3928-k_10-p_0.1.txt;1;453719508;35745388;1614554;0;3108351;0;8068;0;495484078;4;0;6;null
../instances/synthetic/synth-n_160-m_3006-k_20-p_0.2.txt;11;391699320;123559668;11034825;0;4290701;10824157;5896;0;544180569;18;0;0;null
../instances/synthetic/synth-n_100-m_305-k_4-p_0.05.txt;0;22375415;0;0;0;0;0;0;0;22378139;0;0;3;null
../instances/synthetic/synth-n_70-m_157-k_6-p_0.05.txt;0;12013338;0;0;0;0;0;0;0;12016717;0;0;4;null
../instances/synthetic/synth-n_20-m_54-k_8-p_0.2.txt;0;19868880;0;0;0;0;0;0;0;19871463;0;1;2;null
../instances/synthetic/synth-n_160-m_663-k_4-p_0.05.txt;0;97324975;0;0;0;0;0;0;0;97328804;0;0;4;null
../instances/synthetic/synth-n_90-m_248-k_10-p_0.05.txt;3;55357836;642738;276017;0;653297;755829;5498;0;58116782;4;0;3;null
../instances/synthetic/synth-n_60-m_380-k_2-p_0.2.txt;0;96384650;0;0;0;0;0;0;0;96387572;0;0;2;null
../instances/complex/baywet;0;85881338;0;0;0;0;0;0;0;85884153;0;0;7;null
../instances/synthetic/synth-n_200-m_2088-k_4-p_0.1.txt;0;176727323;0;0;0;0;0;0;0;176729066;0;0;4;null
../instances/complex/openflights-n_1000;0;197734869;0;0;0;0;0;0;0;197738110;0;88;140;null
../instances/synthetic/synth-n_100-m_1220-k_15-p_0.2.txt;1;161803673;60992810;5208925;0;2968039;0;15639;0;232499493;15;0;0;null
../instances/synthetic/synth-n_70-m_626-k_15-p_0.2.txt;166;98636017;123848808;66446731;0;5433831;37433700;1280;0;349526144;9;0;0;null
../instances/synthetic/synth-n_275-m_3851-k_4-p_0.1.txt;0;311778078;0;0;0;0;0;0;0;311780945;0;0;4;null
../instances/synthetic/synth-n_225-m_2691-k_8-p_0.1.txt;6;291455717;45300832;5688765;0;3555707;5807451;22411;0;354467615;7;0;0;null
../instances/synthetic/synth-n_160-m_2720-k_10-p_0.2.txt;1;319557838;65868190;6495207;0;6778978;0;8524;0;400139469;10;0;0;null
../instances/synthetic/synth-n_250-m_6833-k_15-p_0.2.txt;1;776563475;147841398;10409926;0;6742421;0;7888;0;944841477;15;0;0;null
../instances/synthetic/synth-n_40-m_50-k_4-p_0.05.txt;0;9765387;0;0;0;0;0;0;0;9771051;0;1;0;null
../instances/complex/GD-n_38-m_50.mtx;2;9267863;82942;141182;0;392466;623110;6754;0;10861991;2;0;0;null
../instances/synthetic/synth-n_20-m_38-k_6-p_0.1.txt;0;9941943;0;0;0;0;0;0;0;9942568;0;0;2;null
../instances/synthetic/synth-n_70-m_494-k_2-p_0.2.txt;0;44975759;0;0;0;0;0;0;0;44977242;0;0;2;null
../instances/synthetic/synth-n_100-m_491-k_2-p_0.1.txt;0;50389591;0;0;0;0;0;0;0;50392347;0;0;2;null
../instances/synthetic/synth-n_100-m_319-k_15-p_0.05.txt;45;38481997;9462174;5047097;527682;1266830;3806586;2525;0;62843188;4;0;3;null
../instances/complex/bitcoinalpha-n_700;0;89100423;0;0;0;0;0;0;0;89103713;0;54;32;null
../instances/complex/ucsocial-n_500;0;114020563;0;0;0;0;0;0;0;114020685;0;28;77;null
../instances/synthetic/synth-n_60-m_386-k_4-p_0.2.txt;2;72860856;235416;352760;0;938848;917634;4583;0;75977233;2;0;2;null
../instances/complex/biology-n_42-m_297-p_0.9-23;3779;18940535;123343041;51540005;6761036;9862482;144412700;531;0;444271513;7;0;2;null
../instances/synthetic/synth-n_250-m_3475-k_20-p_0.1.txt;16;545767563;231185299;27382121;0;8572598;9510485;5786;0;829995771;15;0;0;null
../instances/complex/health-n_100;0;6439885;0;0;0;0;0;0;0;6443508;0;2;0;null
../instances/synthetic/synth-n_40-m_114-k_15-p_0.1.txt;0;13610696;0;0;0;0;0;0;0;13612820;0;0;6;null
../instances/complex/GD-n_180-m_229.mtx;0;33655976;0;0;0;0;0;0;0;33658734;0;1;1;null
../instances/synthetic/synth-n_120-m_420-k_10-p_0.05.txt;0;43225614;0;0;0;0;0;0;0;43228012;0;0;7;null
../instances/synthetic/synth-n_80-m_753-k_10-p_0.2.txt;8;73041203;23035470;5217039;0;10239089;1553554;13324;0;117295905;6;0;1;null
../instances/synthetic/synth-n_200-m_2119-k_8-p_0.1.txt;1;179230608;12505970;3784717;0;3360308;0;11317;0;200185763;6;0;2;null
../instances/complex/usairport-n_400;27;176276137;8143373;1305873;242700;2000597;1014102;6823;0;190876580;21;28;30;null
../instances/synthetic/synth-n_225-m_2685-k_6-p_0.1.txt;1;251119572;63681575;4056660;0;5576201;0;14068;0;326548626;5;0;1;null
../instances/synthetic/synth-n_300-m_2479-k_15-p_0.05.txt;2;358607770;86329089;7643776;0;7009838;0;4950;0;461929797;12;0;2;null
../instances/synthetic/synth-n_250-m_6353-k_4-p_0.2.txt;1;490129838;89593032;7074377;0;9684688;0;12499;0;601036836;4;0;0;null
../instances/synthetic/synth-n_250-m_6538-k_8-p_0.2.txt;1;592257984;104182236;5671493;0;6287547;0;11346;0;711325930;8;0;0;null
../instances/complex/openflights-n_100;0;9416418;0;0;0;0;0;0;0;9419120;0;6;2;null
../instances/synthetic/synth-n_40-m_62-k_10-p_0.05.txt;0;9421416;0;0;0;0;0;0;0;9424274;0;2;1;null
../instances/synthetic/synth-n_70-m_156-k_2-p_0.05.txt;0;8660934;0;0;0;0;0;0;0;8661946;0;0;0;null
../instances/complex/biology-n_25-m_231-p_0.9-6;65;21983964;13123398;3420301;0;1185981;6238946;3058;0;50888805;6;0;0;null
../instances/synthetic/synth-n_140-m_1028-k_2-p_0.1.txt;0;39349306;0;0;0;0;0;0;0;39351346;0;0;2;null
../instances/complex/wikispeedia-n_400;0;79419550;0;0;0;0;0;0;0;79420311;0;28;11;null
../instances/synthetic/synth-n_120-m_432-k_20-p_0.05.txt;441;68697579;41870972;17895792;1802829;3700035;28200540;694;0;186802908;12;0;2;null
../instances/synthetic/synth-n_275-m_2025-k_6-p_0.05.txt;0;190477482;0;0;0;0;0;0;0;190478896;0;0;6;null
../instances/synthetic/synth-n_200-m_2270-k_20-p_0.1.txt;17;226425053;201046405;14687305;3324294;4114915;19400831;5180;0;472692529;19;0;0;null
../instances/synthetic/synth-n_300-m_4844-k_10-p_0.1.txt;1;589973564;68385782;4576664;0;4699116;0;7866;0;669995175;10;0;0;null
../instances/synthetic/synth-n_250-m_3612-k_25-p_0.1.txt;24;444140123;281415434;19492101;0;5748908;8794442;3289;0;765940809;20;0;0;null
../instances/synthetic/synth-n_90-m_527-k_20-p_0.1.txt;34815;73208235;2651175411;726519428;157396085;54644151;1271315768;144;0;5527163669;11;0;0;null
../instances/synthetic/synth-n_30-m_58-k_6-p_0.1.txt;0;7953082;0;0;0;0;0;0;0;7955181;0;0;2;null
../instances/complex/biology-n_12-m_33-p_0.5-15;1;22160498;440996;292089;0;364440;0;4858;0;23525079;3;0;0;null
../instances/synthetic/synth-n_90-m_470-k_8-p_0.1.txt;1;42538548;5643984;1409428;0;1977685;0;11298;0;52217378;6;0;2;null
../instances/synthetic/synth-n_90-m_870-k_4-p_0.2.txt;0;61895731;0;0;0;0;0;0;0;61897807;0;0;4;null
../instances/synthetic/synth-n_80-m_818-k_15-p_0.2.txt;12;127870433;49744030;7678483;0;10243219;3507645;26959;0;205205709;13;0;0;null
../instances/synthetic/synth-n_250-m_1694-k_10-p_0.05.txt;3;180114464;41032101;4809074;0;4655581;0;11639;0;233606551;8;0;0;null
../instances/synthetic/synth-n_180-m_1738-k_10-p_0.1.txt;1;179714812;45435990;8260915;0;5058750;0;11652;0;240429809;10;0;0;null
../instances/synthetic/synth-n_160-m_3034-k_25-p_0.2.txt;17;398753873;277278967;21920868;0;7739231;9685948;7260;0;721715793;21;0;0;null
../instances/synthetic/synth-n_300-m_5040-k_20-p_0.1.txt;1;609755401;150522150;12651260;0;6053182;0;4415;0;782782591;20;0;0;null
../instances/synthetic/synth-n_225-m_5854-k_25-p_0.2.txt;10;846243907;283794405;40532158;0;9650035;28630175;1102;0;1218279874;24;0;0;null
../instances/complex/biology-n_9-m_23-p_0.5-1;0;5798646;0;0;0;0;0;0;0;5801669;0;0;2;null
../instances/complex/temporalGraph-n_400;0;24972650;0;0;0;0;0;0;0;24976180;0;5;7;null
../instances/complex/biology-n_13-m_39-p_0.75-4;0;14748870;0;0;0;0;0;0;0;14752020;0;0;3;null
../instances/synthetic/synth-n_80-m_690-k_6-p_0.2.txt;5;64863781;13783494;1779721;0;2657435;0;6056;0;85034137;5;0;0;null
../instances/complex/chess-n_500;0;95710299;0;0;0;0;0;0;0;95713911;0;8;8;null
../instances/synthetic/synth-n_200-m_2096-k_2-p_0.1.txt;0;111699919;0;0;0;0;0;0;0;111705861;0;0;2;null
../instances/synthetic/synth-n_225-m_2523-k_2-p_0.1.txt;0;78423971;0;0;0;0;0;0;0;78425296;0;0;2;null
../instances/synthetic/synth-n_275-m_7607-k_2-p_0.2.txt;0;294122553;0;0;0;0;0;0;0;294124577;0;0;2;null
../instances/complex/biology-n_13-m_39-p_0.9-4;0;7852162;0;0;0;0;0;0;0;7854857;0;0;4;null
../instances/synthetic/synth-n_30-m_35-k_10-p_0.05.txt;0;7648048;0;0;0;0;0;0;0;7664156;0;0;0;null
../instances/synthetic/synth-n_70-m_274-k_4-p_0.1.txt;5;24340940;119380;151425;0;150426;675448;4092;0;25830312;1;0;2;null
../instances/complex/health-n_300;0;25272282;0;0;0;0;0;0;0;25274384;0;20;2;null
../instances/complex/wikispeedia-n_700;14;118221434;3841216;598629;0;647480;1138561;4513;0;125660258;7;34;35;null
../instances/synthetic/synth-n_225-m_2816-k_15-p_0.1.txt;31;302606545;171349026;12869991;0;8378080;54186152;11255;0;556351765;8;0;1;null
../instances/complex/biology-n_35-m_315-p_0.75-18;86841;21459205;2353048229;571957203;62213541;51026185;1749544897;263;0;5678705062;9;0;0;null
../instances/synthetic/synth-n_140-m_531-k_8-p_0.05.txt;0;39260024;0;0;0;0;0;0;0;39262987;0;0;7;null
../instances/synthetic/synth-n_300-m_2261-k_2-p_0.05.txt;0;157476853;0;0;0;0;0;0;0;157479680;0;0;2;null
../instances/synthetic/synth-n_200-m_1172-k_20-p_0.05.txt;118;93318490;167144534;23320579;2247136;12215853;35266160;1976;0;361863729;14;0;2;null
../instances/complex/biology-n_30-m_287-p_0.75-5;3414;24697198;189424914;59734663;8235632;5898931;140205196;853;0;507204446;8;0;0;null
../instances/synthetic/synth-n_90-m_504-k_15-p_0.1.txt;974;42152999;266364084;36902051;16355873;7082459;126148702;1398;0;550210413;10;0;0;null
../instances/synthetic/synth-n_140-m_2379-k_25-p_0.2.txt;1;292945360;290755732;20136099;0;5866462;0;11569;0;612661373;25;0;0;null
../instances/complex/link-kv-n_100;0;6345951;0;0;0;0;0;0;0;6361234;0;8;0;null
../instances/complex/wikispeedia-n_300;0;21906781;0;0;0;0;0;0;0;21909242;0;13;10;null
../instances/complex/advotogo-n_100;0;5960207;0;0;0;0;0;0;0;5973941;0;3;0;null
../instances/synthetic/synth-n_70-m_308-k_10-p_0.1.txt;29;24017585;14217856;1726565;0;1540944;1610203;5906;0;51042405;6;0;0;null
../instances/complex/blogs-n_500;8;109211886;1986601;389267;0;554778;664346;2587;0;113376599;8;19;39;null
../instances/synthetic/synth-n_80-m_780-k_20-p_0.2.txt;41055;95885493;9463372373;1662305539;316359062;92405647;2727270342;175;0;15349343549;15;0;0;null
../instances/complex/usairport-n_1000;190391;813451999;3249527364;629771267;263079233;137772788;444224696;248;0;7752231725;56;28;147;null
../instances/synthetic/synth-n_120-m_372-k_4-p_0.05.txt;0;20662933;0;0;0;0;0;0;0;20665146;0;0;4;null
../instances/synthetic/synth-n_180-m_1683-k_6-p_0.1.txt;1;126118461;11857204;1066115;0;7131308;0;9427;0;147120131;4;0;2;null
../instances/synthetic/synth-n_180-m_1658-k_2-p_0.1.txt;0;76781191;0;0;0;0;0;0;0;76783544;0;0;2;null
../instances/synthetic/synth-n_100-m_344-k_25-p_0.05.txt;45;40580013;48769013;4940359;927579;2739602;5675565;2168;0;111015556;10;0;0;null
../instances/complex/usairport-n_500;200;120110525;32240977;4137938;1291441;1772802;3950897;1638;0;176758298;21;29;44;null
../instances/synthetic/synth-n_80-m_400-k_15-p_0.1.txt;606;38555045;96656765;24308102;5038759;4427039;56019651;1078;0;249422987;9;0;0;null
../instances/synthetic/synth-n_225-m_2884-k_20-p_0.1.txt;14;369128819;162194867;11452217;0;6044413;8201795;10159;0;562635234;17;0;0;null
../instances/synthetic/synth-n_60-m_122-k_15-p_0.05.txt;2;10227597;911239;214851;0;340629;466681;4185;0;13187597;5;0;0;null
../instances/complex/biology-n_28-m_249-p_0.5-8;201034;25812962;3016042872;823266974;84525180;75947023;2627510975;335;0;8084659121;6;0;0;null
../instances/complex/biology-n_29-m_153-p_0.75-21;981;13828611;47894262;14853726;2017313;2768588;42304199;623;0;147672554;7;0;0;null
../instances/synthetic/synth-n_100-m_565-k_6-p_0.1.txt;0;35786405;0;0;0;0;0;0;0;35789079;0;0;6;null
../instances/complex/chess-n_100;0;6515886;0;0;0;0;0;0;0;6535479;0;2;0;null
../instances/complex/biology-n_45-m_326-p_0.5-16;7023;25885897;203658413;74141235;7456788;8065099;210383061;343;0;647818029;13;0;0;null
../instances/synthetic/synth-n_225-m_2964-k_30-p_0.1.txt;745;350564324;3256829429;263668406;134445453;27108153;484723279;430;0;4618629472;26;0;0;null
../instances/complex/ChicagoRegional-n_400;0;5206634;0;0;0;0;0;0;0;5219510;0;13;0;null
../instances/complex/biology-n_28-m_163-p_0.9-11;6;10256351;1613994;378971;0;588644;635681;2918;0;13928473;3;0;1;null
../instances/synthetic/synth-n_40-m_114-k_10-p_0.1.txt;0;11531570;0;0;0;0;0;0;0;11537344;0;3;3;null
../instances/synthetic/synth-n_70-m_312-k_20-p_0.1.txt;100017;40983886;3192184213;1256533256;137293313;85543200;2274377555;242;0;8044160021;9;0;1;null
../instances/complex/openflights-n_500;0;37758245;0;0;0;0;0;0;0;37771057;0;46;42;null
../instances/complex/trust;0;69533516;0;0;0;0;0;0;0;69536280;0;110;56;null
../instances/synthetic/synth-n_50-m_320-k_15-p_0.2.txt;821;22281202;108137704;21561234;4564447;2856897;52174475;877;0;232071523;10;0;0;null
../instances/complex/usairport-n_700;206;254955291;53970194;5861642;1719914;2445557;9515927;567;0;337875409;30;33;78;null
../instances/synthetic/synth-n_120-m_391-k_6-p_0.05.txt;2;23161793;1278945;289077;0;474554;452559;4142;0;25952931;4;0;1;null
../instances/synthetic/synth-n_140-m_1047-k_4-p_0.1.txt;0;66074055;0;0;0;0;0;0;0;66076470;0;0;4;null
../instances/synthetic/synth-n_90-m_1019-k_15-p_0.2.txt;11;49923664;53042799;5278981;0;2723255;2956672;10571;0;119219074;13;0;0;null
../instances/synthetic/synth-n_140-m_1070-k_10-p_0.1.txt;1;86335818;25139714;4214803;0;2977366;0;11409;0;119998864;10;0;0;null
../instances/synthetic/synth-n_100-m_645-k_20-p_0.1.txt;18399;54528869;2467747714;542887864;116148886;43517393;925814313;355;0;4630394673;15;0;0;null
../instances/complex/biology-n_25-m_231-p_0.75-6;9849;23556670;357972265;91087201;9060446;8275438;272111993;489;0;901380928;7;0;0;null
../instances/synthetic/synth-n_180-m_4031-k_30-p_0.2.txt;6;637183951;292883317;26801453;0;7665978;4656451;10887;0;973838715;29;0;0;null
../instances/synthetic/synth-n_160-m_1412-k_8-p_0.1.txt;1;126486317;38502622;7990225;0;22295243;0;10066;0;203800954;8;0;0;null
../instances/synthetic/synth-n_50-m_192-k_20-p_0.1.txt;325;38524099;31623530;10872395;2958627;5664249;27528169;650;0;143605431;8;0;0;null
../instances/synthetic/synth-n_100-m_277-k_8-p_0.05.txt;0;23084681;0;0;0;0;0;0;0;23087651;0;0;4;null
../instances/synthetic/synth-n_140-m_1184-k_15-p_0.1.txt;7;130720292;79532538;17279340;0;5725078;3231994;4241;0;243447493;12;0;1;null
../instances/complex/link-kv-n_400;0;26273160;0;0;0;0;0;0;0;26275220;0;73;5;null
../instances/synthetic/synth-n_50-m_327-k_10-p_0.2.txt;25;29125613;16524816;2112994;0;1631322;3532485;3668;0;55460314;8;0;0;null
../instances/complex/biology-n_29-m_153-p_0.5-21;1264;16358322;50835869;17265489;917707;3074298;50159220;632;0;163207931;7;0;1;null
../instances/synthetic/synth-n_225-m_1390-k_10-p_0.05.txt;1;121521709;27444979;3645649;0;2763922;0;10834;0;156555868;9;0;1;null
../instances/synthetic/synth-n_140-m_547-k_10-p_0.05.txt;0;25992440;0;0;0;0;0;0;0;25993442;0;0;8;null
../instances/synthetic/synth-n_40-m_88-k_4-p_0.1.txt;0;7927055;0;0;0;0;0;0;0;7928563;0;1;2;null
../instances/synthetic/synth-n_180-m_3396-k_8-p_0.2.txt;1;195957670;80524368;6380954;0;7794885;0;11070;0;293831943;7;0;1;null
../instances/synthetic/synth-n_40-m_185-k_4-p_0.2.txt;1;16739229;1211306;467979;0;887779;0;7804;0;20453036;4;0;0;null
../instances/synthetic/synth-n_250-m_7252-k_30-p_0.2.txt;14;922120932;446693125;39390937;0;8109274;25596312;2327;0;1452962813;28;0;0;null
../instances/complex/biology-n_22-m_76-p_0.9-9;3;9629784;851451;216936;0;325796;788962;4726;0;12188631;3;0;0;null
../instances/complex/biology-n_35-m_315-p_0.5-18;153664;19443447;4428033898;991185776;141793832;87509993;3060994797;266;0;10213138656;8;0;1;null
../instances/synthetic/synth-n_120-m_950-k_20-p_0.1.txt;7715;80729827;2738872699;427503835;159601713;35612361;888122388;193;0;4711957127;8;0;0;null
../instances/synthetic/synth-n_50-m_90-k_20-p_0.05.txt;0;8793212;0;0;0;0;0;0;0;8795190;0;0;2;null
../instances/complex/link-kv-n_800;26;40795935;1286258;326495;0;566706;642890;1609;0;44130692;7;162;9;null
../instances/synthetic/synth-n_225-m_1484-k_25-p_0.05.txt;20919;134082479;9059442014;1352856644;632357482;113727631;2403407890;351;0;14794253043;13;0;2;null
../instances/synthetic/synth-n_50-m_66-k_2-p_0.05.txt;0;6502021;0;0;0;0;0;0;0;6503477;0;0;1;null
../instances/synthetic/synth-n_140-m_508-k_2-p_0.05.txt;0;15656333;0;0;0;0;0;0;0;15658661;0;0;2;null
../instances/synthetic/synth-n_250-m_1512-k_2-p_0.05.txt;0;40947797;0;0;0;0;0;0;0;40950804;0;0;2;null
../instances/synthetic/synth-n_90-m_239-k_6-p_0.05.txt;0;14215648;0;0;0;0;0;0;0;14217669;0;0;4;null
../instances/synthetic/synth-n_100-m_1009-k_2-p_0.2.txt;0;30040690;0;0;0;0;0;0;0;30042667;0;0;2;null
../instances/complex/biology-n_28-m_163-p_0.5-11;234;14932567;25276028;6568756;263399;1955672;17156254;1389;0;76545756;6;0;1;null
../instances/complex/ChicagoRegional-n_200;0;4218457;0;0;0;0;0;0;0;4236136;0;3;0;null
../instances/synthetic/synth-n_275-m_8114-k_15-p_0.2.txt;1;921662886;295616662;14180298;0;7419551;0;7535;0;1242990001;15;0;0;null
../instances/synthetic/synth-n_250-m_7157-k_25-p_0.2.txt;11;885081375;397953136;53757307;0;12724213;30040616;2611;0;1391637245;24;0;0;null
../instances/synthetic/synth-n_60-m_134-k_20-p_0.05.txt;0;8906729;0;0;0;0;0;0;0;8908062;0;0;5;null
../instances/complex/biology-n_56-m_526-p_0.9-2;27;30579053;17236479;2954248;1173407;1657156;3314624;4128;0;60157879;10;0;3;null
../instances/synthetic/synth-n_100-m_1129-k_10-p_0.2.txt;11;85589568;27759846;5175465;0;3693185;2680456;6189;0;126974572;8;0;0;null
../instances/synthetic/synth-n_50-m_169-k_6-p_0.1.txt;0;14040428;0;0;0;0;0;0;0;14041804;0;1;5;null
../instances/synthetic/synth-n_40-m_194-k_6-p_0.2.txt;1;20202019;5513619;522247;0;1284032;0;10206;0;28150368;5;0;0;null
../instances/synthetic/synth-n_300-m_9999-k_25-p_0.2.txt;1;1333619738;464666614;21355156;0;8690312;0;8949;0;1832971327;25;0;0;null
../instances/complex/talk-oc-n_200;0;3546549;0;0;0;0;0;0;0;3549987;0;1;0;null
../instances/synthetic/synth-n_180-m_3302-k_4-p_0.2.txt;0;166704390;0;0;0;0;0;0;0;166705525;0;0;4;null
../instances/synthetic/synth-n_50-m_71-k_8-p_0.05.txt;0;9051245;0;0;0;0;0;0;0;9053121;0;1;1;null
../instances/complex/ucsocial-n_400;0;45902413;0;0;0;0;0;0;0;45916655;0;28;45;null
../instances/synthetic/synth-n_90-m_888-k_8-p_0.2.txt;6;66016723;18057860;6379869;0;2957022;3149093;20801;0;98530433;7;0;0;null
../instances/complex/ChicagoRegional-n_800;0;12698158;0;0;0;0;0;0;0;12700115;0;41;0;null
../instances/synthetic/synth-n_140-m_511-k_6-p_0.05.txt;0;34505837;0;0;0;0;0;0;0;34508042;0;0;6;null
../instances/complex/advotogo-n_700;0;41819777;0;0;0;0;0;0;0;41821658;0;49;15;null
../instances/synthetic/synth-n_50-m_275-k_2-p_0.2.txt;0;11961044;0;0;0;0;0;0;0;11963500;0;1;1;null
../instances/synthetic/synth-n_40-m_192-k_15-p_0.2.txt;132;20621891;17153742;4638257;887657;1725409;9376860;3095;0;60519631;11;0;0;null
../instances/synthetic/synth-n_250-m_7048-k_20-p_0.2.txt;1;829177471;207943451;15073925;0;7885086;0;8517;0;1064026237;20;0;0;null
../instances/complex/GD-n_101-m_190.mtx;0;10766641;0;0;0;0;0;0;0;10767453;0;0;0;null
../instances/complex/temporalGraph-n_500;7;21079233;249043;130798;0;192594;0;5738;0;22080290;2;2;9;null
../instances/synthetic/synth-n_225-m_2884-k_25-p_0.1.txt;49;308797319;593645739;30647868;14019957;6871427;34769714;2766;0;1002780349;22;0;0;null
../instances/complex/temporalGraph-n_200;0;7564365;0;0;0;0;0;0;0;7566265;0;3;0;null
../instances/synthetic/synth-n_250-m_3681-k_30-p_0.1.txt;7;554552201;308057886;26283915;0;6901474;12430583;4475;0;910622286;30;0;0;null
../instances/synthetic/synth-n_160-m_1595-k_25-p_0.1.txt;55517;147249258;48788684597;4577783722;1302474850;265855107;8834597600;490;0;67167253159;24;0;0;null
../instances/complex/blogs-n_100;0;12464315;0;0;0;0;0;0;0;12466732;0;6;2;null
../instances/synthetic/synth-n_225-m_1274-k_4-p_0.05.txt;0;40609352;0;0;0;0;0;0;0;40610649;0;0;4;null
../instances/complex/GD-n_23-m_87.mtx;2;10965697;58642;124719;0;139576;653819;5859;0;12227454;2;1;6;null
../instances/complex/advotogo-n_300;0;14646949;0;0;0;0;0;0;0;14650304;0;13;2;null
../instances/synthetic/synth-n_120-m_1600-k_8-p_0.2.txt;6;90831721;12827300;3682458;0;2588278;2302387;5988;0;114468142;7;0;0;null
../instances/synthetic/synth-n_225-m_5365-k_10-p_0.2.txt;1;640731643;88258507;21870628;0;10419396;0;12455;0;765330223;10;0;0;null
../instances/complex/biology-n_9-m_23-p_0.75-1;0;6111635;0;0;0;0;0;0;0;6116016;0;0;2;null
../instances/complex/biology-n_13-m_51-p_0.9-22;0;7246092;0;0;0;0;0;0;0;7249524;0;0;3;null
../instances/complex/blogs-n_200;0;19874109;0;0;0;0;0;0;0;19875568;0;11;14;null
../instances/synthetic/synth-n_80-m_636-k_4-p_0.2.txt;1;32942129;6527399;841395;0;2156918;0;10908;0;43385422;4;0;0;null
../instances/synthetic/synth-n_90-m_1018-k_20-p_0.2.txt;893;81863306;444208850;84947763;25569215;8655515;126268332;1122;0;816204543;18;0;0;null
../instances/complex/talk-oc-n_300;0;1833317;0;0;0;0;0;0;0;1837974;0;0;0;null
../instances/synthetic/synth-n_60-m_442-k_6-p_0.2.txt;6;32109790;7161101;2382466;0;1814452;1044421;9043;0;46684617;5;0;0;null
../instances/synthetic/synth-n_200-m_1063-k_2-p_0.05.txt;0;46171134;0;0;0;0;0;0;0;46187310;0;0;2;null
../instances/synthetic/synth-n_80-m_350-k_6-p_0.1.txt;1;29859905;1739439;672876;0;1030992;0;10110;0;33956033;4;0;1;null
../instances/synthetic/synth-n_160-m_2705-k_6-p_0.2.txt;1;152916449;36386486;5826130;0;6116918;0;9768;0;203339564;6;0;0;null
../instances/complex/biology-n_20-m_125-p_0.75-7;11;15355549;4796262;738302;0;825880;2318462;4599;0;25063608;4;0;0;null
../instances/complex/chess-n_700;3;41272479;738516;174517;0;215285;576344;4272;0;43307266;6;8;9;null
../instances/synthetic/synth-n_160-m_1346-k_6-p_0.1.txt;0;103167759;0;0;0;0;0;0;0;103170393;0;0;6;null
../instances/synthetic/synth-n_275-m_2051-k_10-p_0.05.txt;1;189853127;10281746;1661293;0;2001220;0;6882;0;204504286;5;0;5;null
../instances/synthetic/synth-n_225-m_2681-k_10-p_0.1.txt;2;228022872;49738721;4125414;0;3544026;0;5030;0;287603858;9;0;0;null
../instances/synthetic/synth-n_180-m_3812-k_25-p_0.2.txt;11;431381214;247500098;29646982;0;8616094;9593032;7286;0;733183667;23;0;0;null
../instances/synthetic/synth-n_60-m_110-k_2-p_0.05.txt;0;7132664;0;0;0;0;0;0;0;7132726;0;0;1;null
../instances/complex/chess-n_200;0;9802632;0;0;0;0;0;0;0;9803862;0;3;0;null
../instances/complex/GD-n_105-m_149.mtx;0;21481509;0;0;0;0;0;0;0;21484651;0;16;4;null
../instances/synthetic/synth-n_100-m_546-k_8-p_0.1.txt;2;52522395;2705520;602926;0;1894180;0;9278;0;58696585;4;0;3;null
../instances/synthetic/synth-n_250-m_6557-k_10-p_0.2.txt;1;622686297;109969615;10867154;0;7476638;0;9916;0;754120655;10;0;0;null
../instances/synthetic/synth-n_225-m_1470-k_20-p_0.05.txt;384;163054816;526083402;50075080;48511390;11266443;95128635;3119;0;966203002;13;0;0;null
../instances/complex/bitcoinalpha-n_300;0;10129651;0;0;0;0;0;0;0;10131463;0;22;0;null
../instances/complex/moreno_rhesus-m_16-m_111;22;10949976;3415164;2465425;0;664294;615589;5037;0;20562862;5;2;0;null
../instances/complex/openflights-n_400;0;26314441;0;0;0;0;0;0;0;26318045;0;37;32;null
../instances/complex/chess-n_800;9;103877885;1032148;358569;0;641994;586293;5133;0;107214531;5;14;17;null
../instances/synthetic/synth-n_180-m_3254-k_2-p_0.2.txt;0;105975421;0;0;0;0;0;0;0;105977750;0;0;2;null
../instances/synthetic/synth-n_300-m_2429-k_8-p_0.05.txt;1;230469408;33390937;2055769;0;2993341;0;8305;0;270035601;6;0;2;null
../instances/synthetic/synth-n_275-m_7982-k_10-p_0.2.txt;1;722032031;155359881;9286113;0;7466942;0;8634;0;897114765;10;0;0;null
../instances/synthetic/synth-n_275-m_8453-k_25-p_0.2.txt;11;917795053;392288278;51898705;0;12982811;19745519;2588;0;1403473521;24;0;0;null
../instances/synthetic/synth-n_20-m_18-k_4-p_0.05.txt;0;6139500;0;0;0;0;0;0;0;6142855;0;0;1;null
../instances/complex/usairport-n_200;0;26523825;0;0;0;0;0;0;0;26527508;0;13;16;null
../instances/complex/biology-n_23-m_166-p_0.75-17;919;15564847;44888418;12265837;670347;3328652;46622205;748;0;147582398;4;0;0;null
../instances/complex/link-kv-n_1000;22;101452026;997756;471934;0;574322;1068852;2747;0;105249912;5;215;14;null
../instances/synthetic/synth-n_60-m_196-k_2-p_0.1.txt;0;8216876;0;0;0;0;0;0;0;8218284;0;0;2;null
../instances/complex/biology-n_20-m_125-p_0.9-24;2;11393334;2017341;373900;0;761717;588335;6798;0;15656734;3;0;0;null
../instances/synthetic/synth-n_100-m_282-k_2-p_0.05.txt;0;12368214;0;0;0;0;0;0;0;12371081;0;0;2;null
../instances/complex/moreno_hens-n_32-m_496;806;24411536;44152833;13948481;1124922;3274469;51062708;655;0;167298323;1;0;0;null
../instances/synthetic/synth-n_60-m_468-k_15-p_0.2.txt;1697;50539305;259413649;74596641;9380507;8087696;105840852;651;0;562837467;8;0;0;null
../instances/synthetic/synth-n_20-m_59-k_6-p_0.2.txt;0;7571804;0;0;0;0;0;0;0;7575751;0;1;2;null
../instances/synthetic/synth-n_40-m_36-k_2-p_0.05.txt;0;7449723;0;0;0;0;0;0;0;7452405;0;0;0;null
../instances/synthetic/synth-n_60-m_207-k_8-p_0.1.txt;38;19461423;6023703;1726826;0;834330;3539392;5674;0;33906349;4;0;2;null
../instances/synthetic/synth-n_120-m_828-k_8-p_0.1.txt;1;64773019;13825811;1567324;0;1863557;0;24449;0;83758204;7;0;1;null
../instances/synthetic/synth-n_160-m_2910-k_15-p_0.2.txt;1;225018843;131821329;9635221;0;7707127;0;8861;0;376712407;15;0;0;null
../instances/complex/biology-n_20-m_125-p_0.9-7;1;11448091;375854;318561;0;2086949;0;7926;0;14596294;3;0;1;null
../instances/synthetic/synth-n_180-m_804-k_2-p_0.05.txt;0;24350242;0;0;0;0;0;0;0;24353098;0;0;2;null
../instances/complex/biology-n_19-m_99-p_0.75-20;14;11727823;3331725;399559;0;603381;2243992;4646;0;19566915;3;0;0;null
../instances/synthetic/synth-n_160-m_743-k_20-p_0.05.txt;1261;57921688;212112755;49466489;15567289;8808609;67884873;610;0;448893821;8;0;1;null
../instances/synthetic/synth-n_275-m_4371-k_30-p_0.1.txt;29;732261194;606342833;52173245;0;9378263;33563217;2683;0;1443122897;29;0;0;null
../instances/complex/link-kv-n_200;0;6141127;0;0;0;0;0;0;0;6142680;0;18;0;null
../instances/complex/link-kv-n_300;0;15143494;0;0;0;0;0;0;0;15146514;0;52;3;null
../instances/synthetic/synth-n_120-m_791-k_2-p_0.1.txt;0;21715286;0;0;0;0;0;0;0;21715194;0;0;2;null
../instances/synthetic/synth-n_140-m_2032-k_2-p_0.2.txt;0;87091335;0;0;0;0;0;0;0;87093235;0;0;2;null
../instances/complex/talk-oc-n_800;0;14332918;0;0;0;0;0;0;0;14334766;0;4;0;null
../instances/complex/biology-n_28-m_163-p_0.75-11;11;14426097;5806956;990088;0;853233;1523453;5572;0;24949976;5;0;1;null
../instances/synthetic/synth-n_70-m_159-k_15-p_0.05.txt;0;13690222;0;0;0;0;0;0;0;13693165;0;0;4;null
../instances/synthetic/synth-n_200-m_2075-k_10-p_0.1.txt;1;123479772;27458471;1860634;0;2928344;0;7622;0;157415730;9;0;1;null
../instances/complex/advotogo-n_400;0;16351479;0;0;0;0;0;0;0;16355047;0;20;2;null
../instances/synthetic/synth-n_30-m_28-k_6-p_0.05.txt;0;7952894;0;0;0;0;0;0;0;7955906;0;0;1;null
../instances/synthetic/synth-n_20-m_25-k_8-p_0.1.txt;0;8216824;0;0;0;0;0;0;0;8220262;0;1;1;null
../instances/synthetic/synth-n_225-m_5212-k_6-p_0.2.txt;1;408567317;90256905;6921180;0;10235916;0;9211;0;519675542;6;0;0;null
../instances/complex/Tina_AskCal-n_11-m_29.mtx;0;5991826;0;0;0;0;0;0;0;5993840;0;3;0;null
../instances/synthetic/synth-n_180-m_855-k_15-p_0.05.txt;4;78288389;13757162;1438526;0;1553677;929484;7103;0;97541798;9;0;4;null
../instances/synthetic/synth-n_200-m_1075-k_10-p_0.05.txt;3;91635460;15529808;2617138;0;2105110;0;9701;0;113981391;7;0;1;null
../instances/complex/ucsocial-n_700;0;127619537;0;0;0;0;0;0;0;127620809;0;37;129;null
../instances/synthetic/synth-n_275-m_4227-k_15-p_0.1.txt;1;498371390;82970538;9005614;0;7364215;0;8564;0;601021390;14;0;1;null
../instances/synthetic/synth-n_275-m_2220-k_30-p_0.05.txt;98285;257963272;109594633901;17582806090;5092619403;821396958;26649662865;284;0;166889222794;19;0;0;null
../instances/synthetic/synth-n_40-m_58-k_15-p_0.05.txt;0;8370208;0;0;0;0;0;0;0;8372236;0;0;1;null
../instances/synthetic/synth-n_70-m_125-k_4-p_0.05.txt;0;9524532;0;0;0;0;0;0;0;9526665;0;0;0;null
../instances/synthetic/synth-n_70-m_167-k_20-p_0.05.txt;50;21836528;7589586;2044181;0;1022510;3717253;2880;0;39029697;7;0;0;null
../instances/synthetic/synth-n_50-m_302-k_6-p_0.2.txt;1;29528156;3750204;1097240;0;1546324;0;9207;0;36562589;5;0;1;null
../instances/synthetic/synth-n_225-m_4993-k_2-p_0.2.txt;0;88054929;0;0;0;0;0;0;0;88055404;0;0;2;null
../instances/complex/biology-n_13-m_51-p_0.75-22;1;9244469;812276;329266;0;333090;0;8139;0;11096161;3;0;0;null
../instances/synthetic/synth-n_80-m_167-k_2-p_0.05.txt;0;10548920;0;0;0;0;0;0;0;10550919;0;0;0;null
../instances/synthetic/synth-n_140-m_625-k_25-p_0.05.txt;129666;58189292;6558157411;1657977895;459053840;177620496;3593407676;251;0;14201463298;9;0;0;null
../instances/complex/moreno_bison-n_26-m_314;178;20372030;27214836;3068644;1067109;1864929;11519700;2453;0;72829679;10;0;1;null
../instances/synthetic/synth-n_90-m_980-k_10-p_0.2.txt;1;53723234;16681083;2773060;0;2533958;0;11244;0;77592372;10;0;0;null
../instances/complex/talk-oc-n_1000;0;36554306;0;0;0;0;0;0;0;36558263;0;6;0;null
../instances/synthetic/synth-n_140-m_542-k_15-p_0.05.txt;236;36813022;38049474;8675742;2395890;2750573;16161156;988;0;116375787;5;0;2;null
../instances/synthetic/synth-n_60-m_121-k_10-p_0.05.txt;0;15921646;0;0;0;0;0;0;0;15924413;0;0;3;null
../instances/synthetic/synth-n_70-m_328-k_15-p_0.1.txt;392;35392009;53522741;10541144;662387;6200673;27696260;1062;0;154600111;9;0;0;null
../instances/synthetic/synth-n_140-m_2038-k_4-p_0.2.txt;1;106080595;15061295;1756267;0;3522797;0;9875;0;128237759;4;0;0;null
../instances/synthetic/synth-n_250-m_3249-k_6-p_0.1.txt;0;285421854;0;0;0;0;0;0;0;285423521;0;0;6;null
../instances/complex/biology-n_17-m_89-p_0.5-10;14;10764907;3314174;777245;0;624535;1933618;3274;0;18423688;4;0;0;null
../instances/synthetic/synth-n_300-m_9819-k_20-p_0.2.txt;1;1418406727;450752079;21729709;0;14461216;0;7998;0;1909518535;20;0;0;null
../instances/complex/biology-n_16-m_79-p_0.9-3;9;10532784;1652167;319681;0;570677;1121207;5149;0;15070359;3;0;0;null
../instances/synthetic/synth-n_275-m_2019-k_8-p_0.05.txt;1;166519823;10855016;1432348;0;2413327;0;9296;0;182044926;4;0;4;null
../instances/synthetic/synth-n_100-m_305-k_20-p_0.05.txt;593;29870610;29425799;9127516;1581371;2011866;22018649;502;0;107675655;7;0;0;null
../instances/synthetic/synth-n_140-m_1181-k_20-p_0.1.txt;2506;111074428;1440568730;292280845;43134718;23920992;442306670;573;0;2509361214;19;0;0;null
../instances/synthetic/synth-n_300-m_9325-k_8-p_0.2.txt;1;709840220;157492594;11125856;0;12383398;0;10384;0;895850162;8;0;0;null
../instances/complex/wikispeedia-n_500;29;54491242;2603216;686477;322420;414381;1742659;3393;0;61366984;5;26;27;null
../instances/synthetic/synth-n_180-m_827-k_6-p_0.05.txt;0;61931841;0;0;0;0;0;0;0;61934432;0;0;6;null
../instances/synthetic/synth-n_50-m_139-k_2-p_0.1.txt;0;9668508;0;0;0;0;0;0;0;9668528;0;0;2;null
../instances/complex/advotogo-n_1000;0;63556299;0;0;0;0;0;0;0;63559728;0;72;40;null
../instances/synthetic/synth-n_70-m_304-k_6-p_0.1.txt;4;26078593;4814462;685234;0;1204617;577282;7768;0;34483900;5;0;0;null
../instances/synthetic/synth-n_300-m_8966-k_2-p_0.2.txt;0;445628228;0;0;0;0;0;0;0;445630138;0;0;2;null
../instances/synthetic/synth-n_180-m_3481-k_10-p_0.2.txt;1;231807314;200164189;6249699;0;9149230;0;8591;0;449860310;10;0;0;null
../instances/synthetic/synth-n_275-m_2122-k_15-p_0.05.txt;11;153400660;119850976;7705926;0;3611034;3749953;4666;0;291220317;13;0;0;null
../instances/synthetic/synth-n_50-m_81-k_10-p_0.05.txt;0;9383990;0;0;0;0;0;0;0;9386639;0;2;1;null
../instances/synthetic/synth-n_40-m_192-k_10-p_0.2.txt;36;18633212;16876836;2181139;0;1554383;4027227;4452;0;47709657;9;0;0;null
../instances/synthetic/synth-n_90-m_216-k_4-p_0.05.txt;0;13726353;0;0;0;0;0;0;0;13728147;0;0;3;null
../instances/synthetic/synth-n_180-m_1968-k_20-p_0.1.txt;12;212794066;248399723;13172604;0;6608146;13389807;6424;0;500014787;17;0;0;null
../instances/complex/biology-n_45-m_326-p_0.75-16;3191;23242843;162947879;40603909;3498215;5080038;101165940;410;0;397247231;13;0;0;null
../instances/complex/biology-n_28-m_249-p_0.75-8;11767;21076368;393903790;109772461;13257318;9058136;286520648;268;0;1000011628;8;0;0;null
../instances/synthetic/synth-n_140-m_511-k_4-p_0.05.txt;0;22687824;0;0;0;0;0;0;0;22690032;0;0;2;null
../instances/synthetic/synth-n_200-m_1059-k_8-p_0.05.txt;0;65423547;0;0;0;0;0;0;0;65423620;0;0;8;null
../instances/synthetic/synth-n_100-m_275-k_10-p_0.05.txt;3;19621722;2239828;234682;0;411432;683846;7983;0;23782436;3;0;2;null
../instances/synthetic/synth-n_100-m_542-k_4-p_0.1.txt;0;29923499;0;0;0;0;0;0;0;29926087;0;0;4;null
../instances/synthetic/synth-n_90-m_445-k_10-p_0.1.txt;4;29909927;5263583;647122;0;1027859;1131887;5793;0;38927279;5;0;4;null
../instances/synthetic/synth-n_90-m_258-k_20-p_0.05.txt;38;23445097;9091482;1966743;0;1062556;3485435;5306;0;42820879;7;0;1;null
../instances/synthetic/synth-n_300-m_9694-k_15-p_0.2.txt;1;911321084;380468447;18905807;0;9551318;0;25088;0;1327937633;15;0;0;null
../instances/complex/ChicagoRegional-n_700;0;12664525;0;0;0;0;0;0;0;12665355;0;55;2;null
../instances/synthetic/synth-n_70-m_303-k_8-p_0.1.txt;9;17279329;7407330;1186554;0;900375;1470782;5234;0;29259819;7;0;0;null
../instances/synthetic/synth-n_30-m_55-k_4-p_0.1.txt;0;6921993;0;0;0;0;0;0;0;6923396;0;0;2;null
../instances/synthetic/synth-n_275-m_7697-k_4-p_0.2.txt;1;447905175;49758214;3189750;0;6695413;0;9213;0;510645990;4;0;0;null
../instances/synthetic/synth-n_250-m_1814-k_25-p_0.05.txt;3422;201654498;3306368630;306653292;202636350;46555163;676288968;874;0;5059432660;12;0;0;null
../instances/synthetic/synth-n_30-m_28-k_8-p_0.05.txt;0;5976819;0;0;0;0;0;0;0;5981049;0;0;1;null
../instances/synthetic/synth-n_300-m_5197-k_30-p_0.1.txt;4;600873777;552695169;15104463;0;5401366;7750439;3701;0;1188093600;30;0;0;null
../instances/complex/biology-n_16-m_79-p_0.75-3;11;9858315;4360963;922346;0;892299;1777222;5528;0;18884940;4;0;0;null
../instances/complex/talk-oc-n_500;0;7334267;0;0;0;0;0;0;0;7336980;0;4;0;null
../instances/synthetic/synth-n_20-m_9-k_8-p_0.05.txt;0;3045188;0;0;0;0;0;0;0;3047784;0;0;0;null
../instances/synthetic/synth-n_225-m_1352-k_6-p_0.05.txt;0;94716178;0;0;0;0;0;0;0;94717732;0;0;6;null
../instances/synthetic/synth-n_275-m_3808-k_2-p_0.1.txt;0;154574054;0;0;0;0;0;0;0;154574479;0;0;2;null
../instances/synthetic/synth-n_300-m_9436-k_10-p_0.2.txt;1;852308374;216423406;9893259;0;7677984;0;8235;0;1090784149;10;0;0;null
../instances/complex/biology-n_12-m_45-p_0.5-19;8;6823902;590976;192119;0;341087;829955;3578;0;9270768;2;0;0;null
../instances/complex/temporalGraph-n_700;0;51768496;0;0;0;0;0;0;0;51771049;0;8;18;null
../instances/synthetic/synth-n_90-m_486-k_6-p_0.1.txt;2;43035390;5358342;536441;0;1682967;0;9111;0;51702639;4;0;1;null
../instances/synthetic/synth-n_140-m_632-k_20-p_0.05.txt;1571;63659852;285654921;58132924;24020189;12495320;132620959;813;0;646476676;12;0;1;null
../instances/synthetic/synth-n_100-m_1235-k_20-p_0.2.txt;275;80928860;479464547;40731932;6562050;11148511;87048016;749;0;740925594;16;0;0;null
../instances/synthetic/synth-n_140-m_2205-k_15-p_0.2.txt;11;204040331;146504188;14870888;0;5973390;14068366;4420;0;388630772;13;0;0;null
../instances/synthetic/synth-n_160-m_693-k_6-p_0.05.txt;0;42891052;0;0;0;0;0;0;0;42892388;0;0;6;null
../instances/synthetic/synth-n_200-m_1096-k_6-p_0.05.txt;0;41066721;0;0;0;0;0;0;0;41067775;0;0;6;null
../instances/synthetic/synth-n_80-m_700-k_8-p_0.2.txt;1;56442600;11782673;2399174;0;2534646;0;9139;0;74294344;8;0;0;null
../instances/synthetic/synth-n_80-m_226-k_25-p_0.05.txt;11;25925941;3427348;418952;0;721163;1124118;6221;0;33117909;3;0;2;null
../instances/complex/chess-n_1000;14028;103417385;636536360;121552941;78072088;18489057;400340628;253;0;1555733621;22;17;17;null
../instances/synthetic/synth-n_180-m_1627-k_4-p_0.1.txt;0;63478960;0;0;0;0;0;0;0;63480124;0;0;4;null
../instances/synthetic/synth-n_180-m_881-k_4-p_0.05.txt;0;29651739;0;0;0;0;0;0;0;29654281;0;0;4;null
../instances/synthetic/synth-n_140-m_2080-k_6-p_0.2.txt;1;135899935;24982796;3210333;0;2958176;0;7880;0;168090956;6;0;0;null
../instances/synthetic/synth-n_300-m_4762-k_8-p_0.1.txt;1;375947709;70713246;3985420;0;5735339;0;10495;0;459727404;7;0;1;null
../instances/synthetic/synth-n_50-m_91-k_6-p_0.05.txt;0;7303986;0;0;0;0;0;0;0;7306152;0;0;1;null
../instances/synthetic/synth-n_60-m_94-k_4-p_0.05.txt;0;9261531;0;0;0;0;0;0;0;9263440;0;0;1;null
../instances/synthetic/synth-n_30-m_73-k_10-p_0.1.txt;7;12618035;935376;465559;0;594581;956072;4462;0;16208054;2;0;1;null
../instances/synthetic/synth-n_300-m_4893-k_15-p_0.1.txt;1;532249362;179722703;14040392;0;8814839;0;11872;0;738863641;15;0;0;null
../instances/synthetic/synth-n_50-m_139-k_4-p_0.1.txt;2;8815627;98332;131758;0;236527;494658;4221;0;10020164;2;0;0;null
../instances/synthetic/synth-n_80-m_319-k_4-p_0.1.txt;0;17176703;0;0;0;0;0;0;0;17179291;0;0;3;null
../instances/complex/chess-n_400;0;16791480;0;0;0;0;0;0;0;16794019;0;9;1;null
../instances/complex/biology-n_19-m_99-p_0.5-20;100;13160248;13902579;3481727;0;1080478;9831020;1082;0;47197667;5;0;0;null
../instances/complex/biology-n_22-m_76-p_0.75-9;3;10968454;1466781;330094;0;460164;0;7751;0;13752141;3;0;0;null
../instances/synthetic/synth-n_275-m_2121-k_25-p_0.05.txt;1081;182219551;2651838655;176029852;149529945;25252357;450865933;660;0;3808025610;21;0;0;null
../instances/complex/usairport-n_100;0;7982489;0;0;0;0;0;0;0;7985120;0;10;0;null
../instances/synthetic/synth-n_60-m_222-k_6-p_0.1.txt;0;13960947;0;0;0;0;0;0;0;13962954;0;0;5;null
../instances/synthetic/synth-n_40-m_61-k_8-p_0.05.txt;0;5793066;0;0;0;0;0;0;0;5794615;0;0;1;null
../instances/synthetic/synth-n_60-m_428-k_8-p_0.2.txt;6;34398721;11728583;2644556;0;1939575;1409599;7533;0;53417212;7;0;0;null
../instances/complex/maayan_foodweb-n_183-m_2476;15;25013733;846986;341075;0;233742;874603;3034;0;28028970;3;0;5;null
../instances/synthetic/synth-n_200-m_4591-k_20-p_0.2.txt;1;589628575;104625465;9157416;0;5343516;0;10122;0;712176424;20;0;0;null
../instances/synthetic/synth-n_20-m_25-k_2-p_0.1.txt;0;7635174;0;0;0;0;0;0;0;7653162;0;0;1;null
../instances/complex/ucsocial-n_200;0;14365899;0;0;0;0;0;0;0;14367304;0;9;15;null
../instances/synthetic/synth-n_40-m_176-k_2-p_0.2.txt;0;12239091;0;0;0;0;0;0;0;12241359;0;0;2;null
../instances/complex/wikispeedia-n_100;0;9523525;0;0;0;0;0;0;0;9526629;0;6;0;null
../instances/synthetic/synth-n_30-m_117-k_10-p_0.2.txt;3;10270714;3336853;378067;0;903327;739235;6231;0;16315504;5;0;1;null
../instances/synthetic/synth-n_120-m_724-k_4-p_0.1.txt;0;40640684;0;0;0;0;0;0;0;40643511;0;0;4;null
../instances/synthetic/synth-n_160-m_641-k_2-p_0.05.txt;0;20417559;0;0;0;0;0;0;0;20419161;0;0;2;null
../instances/synthetic/synth-n_160-m_1324-k_2-p_0.1.txt;0;36322044;0;0;0;0;0;0;0;36322956;0;0;2;null
../instances/synthetic/synth-n_80-m_402-k_20-p_0.1.txt;113722;37793718;2654725561;1724886201;66867747;92972511;2591447265;194;0;8562325958;11;0;1;null
../instances/complex/biology-n_12-m_33-p_0.75-15;0;7466179;0;0;0;0;0;0;0;7481562;0;0;3;null
../instances/synthetic/synth-n_60-m_437-k_10-p_0.2.txt;20;36524648;20715244;2662482;0;1859731;2635891;3270;0;66881001;7;0;0;null
../instances/synthetic/synth-n_225-m_1286-k_2-p_0.05.txt;0;45526537;0;0;0;0;0;0;0;45528321;0;0;2;null
../instances/synthetic/synth-n_30-m_25-k_2-p_0.05.txt;0;5690984;0;0;0;0;0;0;0;5694626;0;0;0;null
../instances/complex/biology-n_30-m_287-p_0.9-5;637;20493935;40713810;16186355;668733;2649013;41013609;977;0;145024610;7;0;0;null
../instances/synthetic/synth-n_275-m_7718-k_8-p_0.2.txt;1;784835696;246128727;11796547;0;11437627;0;11934;0;1059297103;8;0;0;null
../instances/synthetic/synth-n_60-m_124-k_25-p_0.05.txt;3;10004556;868607;204494;0;309103;1310802;3598;0;13030943;5;0;1;null
../instances/complex/link-kv-n_700;0;36766711;0;0;0;0;0;0;0;36767666;0;162;4;null
../instances/complex/convote;0;37783543;0;0;0;0;0;0;0;37785643;0;16;13;null
../instances/synthetic/synth-n_200-m_2275-k_15-p_0.1.txt;1;253658770;85946927;8044927;0;5629563;0;10565;0;355843876;15;0;0;null
../instances/complex/biology-n_36-m_219-p_0.5-12;1368;19728295;58343278;18876946;688889;3104743;46235911;800;0;175528988;9;0;0;null
../instances/synthetic/synth-n_50-m_357-k_20-p_0.2.txt;352763;34281664;9684723509;4262593097;498252306;239805711;7324928959;246;0;25439934231;17;0;0;null
../instances/complex/ChicagoRegional-n_1000;0;14639827;0;0;0;0;0;0;0;14644563;0;87;3;null
../instances/complex/health-n_400;0;20694424;0;0;0;0;0;0;0;20695940;0;38;4;null
../instances/synthetic/synth-n_200-m_1115-k_15-p_0.05.txt;34;102100046;86356099;3828452;1335794;3720203;8017593;4242;0;213702698;9;0;0;null
../instances/complex/bitcoinalpha-n_200;0;7119052;0;0;0;0;0;0;0;7121310;0;13;0;null
../instances/synthetic/synth-n_200-m_4097-k_2-p_0.2.txt;0;134245560;0;0;0;0;0;0;0;134246921;0;0;2;null
../instances/complex/moreno_sheep-n_28-m_250;19;13196970;8693434;1038350;0;1127371;1526276;7104;0;28291300;5;0;1;null
../instances/synthetic/synth-n_80-m_193-k_6-p_0.05.txt;0;12577579;0;0;0;0;0;0;0;12579310;0;0;4;null
../instances/complex/usairport-n_800;3603;466629975;63085882;9604429;3397632;4234196;14272387;600;0;603571174;19;34;127;null
../instances/synthetic/synth-n_90-m_273-k_25-p_0.05.txt;1046;18349327;46699187;15978493;2543675;2852265;37385286;714;0;147801240;7;0;0;null
../instances/synthetic/synth-n_50-m_334-k_8-p_0.2.txt;1;24528334;3479022;630160;0;1318851;0;7590;0;30597165;6;0;2;null
../instances/synthetic/synth-n_250-m_1667-k_8-p_0.05.txt;0;120867067;0;0;0;0;0;0;0;120867895;0;0;8;null
../instances/synthetic/synth-n_100-m_568-k_10-p_0.1.txt;1;46743536;11831768;2178581;0;1644689;0;7880;0;63537174;10;0;0;null
../instances/synthetic/synth-n_160-m_3134-k_30-p_0.2.txt;157;292182304;475907280;104146535;0;9945013;147827070;2103;0;1070179773;12;0;0;null
../instances/complex/GD-n_121-m_207.mtx;0;8619524;0;0;0;0;0;0;0;8620863;0;43;0;null
../instances/synthetic/synth-n_30-m_111-k_8-p_0.2.txt;0;12928455;0;0;0;0;0;0;0;12930526;0;2;5;null
../instances/complex/talk-oc-n_700;0;17954069;0;0;0;0;0;0;0;17955997;0;2;0;null
../instances/synthetic/synth-n_200-m_4629-k_25-p_0.2.txt;9;720438709;229145406;29032075;0;8692789;11343502;5511;0;1006288558;24;0;0;null
../instances/synthetic/synth-n_120-m_871-k_15-p_0.1.txt;226;71324862;142279591;24100322;7472708;5479558;36689391;1388;0;305396968;10;0;0;null
../instances/synthetic/synth-n_60-m_243-k_25-p_0.1.txt;7853;24070960;277949253;101090620;12304694;10884701;220728252;334;0;765772983;11;0;0;null
../instances/synthetic/synth-n_20-m_48-k_2-p_0.2.txt;0;5499064;0;0;0;0;0;0;0;5502523;0;0;2;null
../instances/synthetic/synth-n_90-m_410-k_4-p_0.1.txt;0;18638969;0;0;0;0;0;0;0;18640846;0;0;4;null
../instances/synthetic/synth-n_250-m_3436-k_15-p_0.1.txt;1;315634459;112680224;6413685;0;5731567;0;7444;0;443598624;14;0;1;null
../instances/synthetic/synth-n_180-m_1962-k_25-p_0.1.txt;307;180143217;693722950;96341606;22222651;20181968;131865023;2176;0;1175918197;21;0;0;null
../instances/synthetic/synth-n_100-m_1107-k_6-p_0.2.txt;2;41670872;3374456;755818;0;1502343;733329;6837;0;48924428;4;0;2;null
../instances/synthetic/synth-n_120-m_788-k_6-p_0.1.txt;0;31439470;0;0;0;0;0;0;0;31440779;0;0;6;null
../instances/synthetic/synth-n_200-m_2488-k_30-p_0.1.txt;42812;285466044;81327121833;8377532038;2323624211;296200016;15580084021;867;0;111351147494;27;0;0;null
../instances/synthetic/synth-n_225-m_1391-k_15-p_0.05.txt;2;132093780;60893494;5420328;0;3581855;0;6361;0;204958803;14;0;0;null
../instances/synthetic/synth-n_180-m_867-k_8-p_0.05.txt;0;58635663;0;0;0;0;0;0;0;58638062;0;0;8;null
../instances/synthetic/synth-n_30-m_114-k_6-p_0.2.txt;5;12319622;1428608;311720;0;692042;724334;4083;0;16080869;3;0;1;null
../instances/synthetic/synth-n_225-m_5504-k_15-p_0.2.txt;1;557660120;174022952;15310728;0;9497433;0;13740;0;760690383;15;0;0;null
../instances/synthetic/synth-n_70-m_180-k_25-p_0.05.txt;27;18389975;4520140;514726;0;740115;2491020;4753;0;28402303;6;0;1;null
../instances/synthetic/synth-n_80-m_222-k_30-p_0.05.txt;533;26278923;38249601;9849423;1850023;2919125;27075410;705;0;121994640;6;0;1;null
../instances/synthetic/synth-n_100-m_262-k_6-p_0.05.txt;0;18485509;0;0;0;0;0;0;0;18487937;0;0;5;null
../instances/complex/biology-n_17-m_89-p_0.9-10;6;10091024;1325966;321792;0;585243;0;6084;0;13115418;2;0;0;null
../instances/complex/openflights-n_700;2;72135987;969237;695812;0;627134;794927;5124;0;75637470;7;78;63;null
../instances/complex/wikispeedia-n_200;0;13940413;0;0;0;0;0;0;0;13942137;0;8;2;null
../instances/synthetic/synth-n_40-m_112-k_8-p_0.1.txt;1;10240046;305778;172271;0;348139;0;7249;0;11406870;3;2;1;null
../instances/complex/biology-n_13-m_39-p_0.5-4;2;8929816;149518;307517;0;424931;738479;5519;0;10940884;2;0;0;null
../instances/complex/bitcoinalpha-n_1000;0;70391609;0;0;0;0;0;0;0;70392141;0;75;74;null
../instances/synthetic/synth-n_275-m_3928-k_8-p_0.1.txt;0;341336541;0;0;0;0;0;0;0;341336149;0;0;8;null
../instances/complex/temporalGraph-n_100;0;5275580;0;0;0;0;0;0;0;5290649;0;3;0;null
../instances/complex/health-n_1000;10;110973864;633376;280838;0;432478;845814;2513;0;113734807;9;135;87;null
../instances/synthetic/synth-n_30-m_97-k_2-p_0.2.txt;0;9273357;0;0;0;0;0;0;0;9275084;0;1;1;null
../instances/synthetic/synth-n_160-m_2577-k_2-p_0.2.txt;0;91836080;0;0;0;0;0;0;0;91837507;0;0;2;null
../instances/synthetic/synth-n_40-m_203-k_8-p_0.2.txt;3;21205253;3325328;556173;0;743451;730994;3728;0;26971686;6;1;0;null
../instances/synthetic/synth-n_50-m_97-k_15-p_0.05.txt;0;10516868;0;0;0;0;0;0;0;10518925;0;0;4;null
../instances/synthetic/synth-n_40-m_92-k_2-p_0.1.txt;0;9835755;0;0;0;0;0;0;0;9838230;0;1;1;null
../instances/synthetic/synth-n_120-m_1530-k_10-p_0.2.txt;1;120663952;30379603;4001553;0;3167097;0;11484;0;159608754;10;0;0;null
../instances/synthetic/synth-n_70-m_156-k_10-p_0.05.txt;0;13791884;0;0;0;0;0;0;0;13793805;0;0;4;null
../instances/complex/advotogo-n_800;0;65185771;0;0;0;0;0;0;0;65188108;0;48;31;null
../instances/synthetic/synth-n_70-m_553-k_8-p_0.2.txt;2;45802201;7107137;667936;0;1612994;0;9520;0;56313647;5;0;2;null
../instances/synthetic/synth-n_80-m_369-k_8-p_0.1.txt;0;28511567;0;0;0;0;0;0;0;28513294;0;0;7;null
../instances/synthetic/synth-n_300-m_10263-k_30-p_0.2.txt;41;1529098451;901531618;145972170;0;19001846;157609457;2876;0;2798189760;26;0;0;null
../instances/synthetic/synth-n_70-m_135-k_8-p_0.05.txt;0;12256576;0;0;0;0;0;0;0;12258403;0;0;3;null
../instances/complex/biology-n_29-m_153-p_0.9-21;3;9823539;1204072;222489;0;434048;0;5123;0;12123037;3;0;1;null
../instances/synthetic/synth-n_60-m_271-k_20-p_0.1.txt;209738;25986801;3797427450;2060311485;63604315;114039676;3755763043;282;0;11888806628;10;0;0;null
../instances/synthetic/synth-n_250-m_1575-k_6-p_0.05.txt;0;79566236;0;0;0;0;0;0;0;79567079;0;0;6;null
../instances/complex/wikispeedia-n_800;14143;166110404;750046384;206197680;77078024;30361995;514016409;395;0;2063041897;25;36;46;null
../instances/complex/biology-n_23-m_166-p_0.5-17;5399;14493876;122560326;49046725;3284408;6213597;136938993;319;0;412201398;7;0;0;null
../instances/synthetic/synth-n_70-m_538-k_4-p_0.2.txt;1;38508805;7159046;1123460;0;1864479;0;20482;0;50370002;4;0;0;null
../instances/synthetic/synth-n_30-m_60-k_2-p_0.1.txt;0;8115904;0;0;0;0;0;0;0;8119156;0;0;1;null
../instances/synthetic/synth-n_160-m_1447-k_15-p_0.1.txt;25;111152031;123535158;6039488;0;4782062;10768875;2030;0;262662055;6;0;1;null
../instances/synthetic/synth-n_160-m_2611-k_4-p_0.2.txt;0;90831704;0;0;0;0;0;0;0;90833963;0;0;4;null
../instances/synthetic/synth-n_180-m_895-k_20-p_0.05.txt;17;88035536;52951969;4560743;0;3671190;4312358;6673;0;158709933;13;0;4;null
../instances/synthetic/synth-n_180-m_1717-k_8-p_0.1.txt;0;133976545;0;0;0;0;0;0;0;133978512;0;0;8;null
../instances/synthetic/synth-n_90-m_855-k_6-p_0.2.txt;0;36454851;0;0;0;0;0;0;0;36456168;0;0;6;null
../instances/synthetic/synth-n_70-m_258-k_2-p_0.1.txt;0;8453148;0;0;0;0;0;0;0;8454446;0;0;2;null
../instances/synthetic/synth-n_80-m_170-k_4-p_0.05.txt;0;11530436;0;0;0;0;0;0;0;11533651;0;0;0;null
../instances/synthetic/synth-n_80-m_214-k_20-p_0.05.txt;157;23159244;14673375;4484450;857904;1558971;10271388;1202;0;62178466;5;0;1;null
../instances/synthetic/synth-n_200-m_4241-k_6-p_0.2.txt;1;224761809;58471960;3616744;0;5309804;0;7833;0;294170829;6;0;0;null
../instances/complex/biology-n_36-m_219-p_0.9-12;6;12314377;496878;183958;0;190081;556745;7541;0;14157802;2;0;6;null
../instances/complex/ChicagoRegional-n_500;0;7925148;0;0;0;0;0;0;0;7927454;0;21;0;null
../instances/complex/temporalGraph-n_1000;8;104697842;2067698;451114;0;782646;0;8494;0;108783584;7;7;29;null
../instances/complex/ChicagoRegional-n_300;0;4807341;0;0;0;0;0;0;0;4817351;0;8;0;null
../instances/complex/biology-n_12-m_43-p_0.5-25;8;7404352;1419025;377497;0;481637;1015757;6185;0;11242786;3;0;0;null
../instances/complex/biology-n_16-m_79-p_0.5-3;76;11975371;6620160;2753893;0;827870;5595677;4271;0;31570171;4;0;0;null
../instances/synthetic/synth-n_140-m_1046-k_6-p_0.1.txt;0;60714624;0;0;0;0;0;0;0;60716911;0;0;6;null
../instances/synthetic/synth-n_90-m_188-k_2-p_0.05.txt;0;11109044;0;0;0;0;0;0;0;11110902;0;0;0;null
../instances/complex/openflights-n_800;0;84284481;0;0;0;0;0;0;0;84285994;0;75;104;null
../instances/synthetic/synth-n_225-m_5291-k_8-p_0.2.txt;1;528130930;94314768;7263578;0;9394564;0;13660;0;643292990;8;0;0;null
../instances/complex/biology-n_45-m_326-p_0.9-16;61;21059119;11467008;2266843;605554;1518990;4558069;2606;0;44546159;9;0;0;null
../instances/synthetic/synth-n_20-m_58-k_4-p_0.2.txt;4;11501117;1282359;332549;0;543651;673953;7677;0;14917391;3;0;0;null
../instances/complex/biology-n_9-m_23-p_0.9-1;0;4930259;0;0;0;0;0;0;0;4933298;0;0;1;null
../instances/synthetic/synth-n_60-m_114-k_6-p_0.05.txt;0;10472563;0;0;0;0;0;0;0;10474548;0;0;2;null
../instances/complex/GD-n_62-m_287.mtx;7277;20016749;166578985;45040837;17964684;14453563;19451039;458;0;398684452;20;0;10;null
../instances/synthetic/synth-n_200-m_4270-k_8-p_0.2.txt;1;378150536;43558083;4418913;0;5590226;0;8945;0;433766091;8;0;0;null
../instances/complex/GD-n_36-m_57.mtx;0;6702597;0;0;0;0;0;0;0;6704198;0;1;4;null
../instances/complex/polbooks-n_105-m_441.mtx;0;9397388;0;0;0;0;0;0;0;9397994;0;0;0;null
../instances/synthetic/synth-n_40-m_47-k_6-p_0.05.txt;0;5436180;0;0;0;0;0;0;0;5437640;0;0;0;null
../instances/complex/biology-n_59-m_624-p_0.9-1;103083;26021734;2324123525;724974371;104333284;50337439;2074554830;457;0;6418684471;11;0;3;null
../instances/synthetic/synth-n_250-m_3387-k_10-p_0.1.txt;1;347142840;55374667;4820500;0;5653408;0;8601;0;414637028;10;0;0;null
../instances/synthetic/synth-n_250-m_3199-k_8-p_0.1.txt;1;312334941;44954680;3708298;0;5051626;0;11620;0;368039056;5;0;3;null
../instances/complex/temporalGraph-n_300;0;16094300;0;0;0;0;0;0;0;16098200;0;2;5;null
../instances/complex/biology-n_22-m_76-p_0.5-9;17;10672734;1422679;599909;0;409523;1767363;4457;0;15984052;2;0;0;null
../instances/synthetic/synth-n_50-m_278-k_4-p_0.2.txt;1;22589787;760780;426816;0;1079973;0;7907;0;25379156;3;0;1;null
../instances/synthetic/synth-n_180-m_3690-k_20-p_0.2.txt;1;318268299;188810119;8846867;0;5642875;0;8628;0;523917927;20;0;0;null
../instances/complex/openflights-n_200;0;13890550;0;0;0;0;0;0;0;13892383;0;12;12;null
../instances/synthetic/synth-n_140-m_2149-k_8-p_0.2.txt;1;106633797;17590679;3964500;0;3139646;0;6683;0;132438821;8;0;0;null
../instances/synthetic/synth-n_80-m_305-k_2-p_0.1.txt;0;14904416;0;0;0;0;0;0;0;14906364;0;0;1;null
../instances/synthetic/synth-n_200-m_2356-k_25-p_0.1.txt;1001;285780037;2765244063;260755595;89250600;17523766;408055337;2469;0;3943694689;13;0;0;null
../instances/synthetic/synth-n_250-m_6493-k_6-p_0.2.txt;0;333316325;0;0;0;0;0;0;0;333319007;0;0;6;null
../instances/synthetic/synth-n_300-m_4664-k_6-p_0.1.txt;0;298881097;0;0;0;0;0;0;0;298882928;0;0;6;null
../instances/synthetic/synth-n_120-m_1825-k_25-p_0.2.txt;161;175893984;432285690;62458183;21658194;7621726;61047657;2721;0;792755646;23;0;0;null
../instances/synthetic/synth-n_70-m_591-k_6-p_0.2.txt;1;33705031;3759828;1108571;0;1244431;0;6247;0;40734562;5;0;1;null
../instances/complex/biology-n_12-m_45-p_0.75-19;2;9296137;1371218;418892;0;480376;618668;5912;0;12578296;3;0;0;null
../instances/complex/ucsocial-n_800;0;169488005;0;0;0;0;0;0;0;169488512;0;48;135;null
../instances/synthetic/synth-n_80-m_186-k_8-p_0.05.txt;0;12931596;0;0;0;0;0;0;0;12933126;0;0;3;null
../instances/complex/biology-n_20-m_125-p_0.75-24;695;12428124;28341630;11041915;1592166;2376714;34312893;454;0;110540204;4;0;0;null
../instances/synthetic/synth-n_30-m_64-k_8-p_0.1.txt;0;10298397;0;0;0;0;0;0;0;10302158;0;1;2;null
../instances/synthetic/synth-n_275-m_4399-k_25-p_0.1.txt;56;539871660;539241734;62871351;0;12537898;38899220;2524;0;1208745105;14;0;0;null
../instances/synthetic/synth-n_50-m_159-k_10-p_0.1.txt;39;18497481;9659996;1063075;0;1072970;3336794;4861;0;36309170;7;0;0;null
../instances/synthetic/synth-n_180-m_3408-k_6-p_0.2.txt;1;151864107;36852950;4838341;0;4862100;0;8087;0;200472843;6;0;0;null
../instances/complex/biology-n_28-m_249-p_0.9-8;17;14957355;4502112;2055982;446729;877889;2208610;5925;0;27491197;2;0;1;null
../instances/synthetic/synth-n_300-m_2495-k_25-p_0.05.txt;248;303082940;996565891;67764499;22772030;15813026;90222527;1725;0;1562270641;14;0;0;null
../instances/synthetic/synth-n_80-m_169-k_10-p_0.05.txt;0;10535194;0;0;0;0;0;0;0;10537575;0;0;6;null
../instances/complex/bitcoinalpha-n_500;0;17692445;0;0;0;0;0;0;0;17694004;0;38;21;null
../instances/complex/bitcoinalpha-n_800;0;42251232;0;0;0;0;0;0;0;42254276;0;57;34;null
../instances/synthetic/synth-n_120-m_455-k_15-p_0.05.txt;34;38704215;15200164;2101765;0;1537125;2980150;3500;0;64486965;7;0;0;null
../instances/synthetic/synth-n_70-m_645-k_20-p_0.2.txt;201970;51047425;25595488395;6201509538;1029280885;244859398;10573021143;96;0;47427128087;11;0;0;null
../instances/complex/biology-n_12-m_33-p_0.9-15;0;4559188;0;0;0;0;0;0;0;4561774;0;0;3;null
../instances/synthetic/synth-n_100-m_346-k_30-p_0.05.txt;1422088;37708982;22686163322;15048908366;245838162;1038176117;24963138034;238;0;78374134350;12;0;0;null
../instances/synthetic/synth-n_80-m_189-k_15-p_0.05.txt;0;10344816;0;0;0;0;0;0;0;10346224;0;0;6;null
../instances/complex/health-n_500;0;24662653;0;0;0;0;0;0;0;24664108;0;72;8;null
../instances/synthetic/synth-n_200-m_4411-k_15-p_0.2.txt;1;472357037;64492447;9368499;0;5369798;0;7936;0;554027151;15;0;0;null
../instances/complex/chess-n_300;0;8482462;0;0;0;0;0;0;0;8484418;0;4;0;null
../instances/synthetic/synth-n_275-m_3815-k_6-p_0.1.txt;1;213381068;32377747;2268085;0;3761973;0;7453;0;253332462;5;0;1;null
../instances/complex/biology-n_17-m_89-p_0.75-10;25;9876988;4267025;699706;0;600244;2153789;3100;0;18817005;3;0;0;null
../instances/complex/biology-n_25-m_231-p_0.5-6;13593;15422299;280975855;120055013;4997204;7075075;287544741;424;0;876782413;7;0;0;null
../instances/synthetic/synth-n_60-m_196-k_4-p_0.1.txt;0;12379001;0;0;0;0;0;0;0;12381299;0;0;4;null
../instances/synthetic/synth-n_100-m_1231-k_25-p_0.2.txt;42039;74380928;16305084538;2841103288;525707694;116606381;4694046907;314;0;25908647065;20;0;0;null
../instances/synthetic/synth-n_120-m_1775-k_20-p_0.2.txt;6;107566559;94921891;8426232;0;3166087;4571297;6931;0;220883921;19;0;0;null
../instances/synthetic/synth-n_200-m_4160-k_10-p_0.2.txt;11;290542797;143357598;9365216;0;6801441;14915973;6507;0;468566715;8;0;0;null
../instances/synthetic/synth-n_180-m_1958-k_15-p_0.1.txt;6;133870330;55593984;7256753;0;4400620;3383293;6477;0;207299503;13;0;1;null
../instances/synthetic/synth-n_10-m_12-k_2-p_0.2.txt;0;3906837;0;0;0;0;0;0;0;3910843;0;0;0;null
../instances/synthetic/synth-n_275-m_8461-k_30-p_0.2.txt;9;1225118097;339035971;36843155;0;8165458;17969565;67418;0;1636402614;29;0;0;null
../instances/synthetic/synth-n_300-m_9050-k_4-p_0.2.txt;1;464886058;13940327;3302839;0;7476883;0;7114;0;493219337;3;0;1;null
../instances/synthetic/synth-n_20-m_20-k_4-p_0.1.txt;0;4788949;0;0;0;0;0;0;0;4794301;0;0;0;null
../instances/synthetic/synth-n_120-m_790-k_10-p_0.1.txt;9;42269404;14409855;1459438;0;1457923;1230631;5366;0;62500179;8;0;0;null
../instances/synthetic/synth-n_300-m_2561-k_30-p_0.05.txt;32341;337000587;56560344483;5783866572;2540271339;333387860;10894500066;430;0;79192681884;28;0;0;null
../instances/complex/GD-n_84-m_196.mtx;0;6901140;0;0;0;0;0;0;0;6903027;0;0;0;null
../instances/synthetic/synth-n_200-m_1093-k_4-p_0.05.txt;0;62442075;0;0;0;0;0;0;0;62444878;0;0;4;null
../instances/complex/wikispeedia-n_1000;137965;211834699;3099899778;1060353181;339779081;186228053;2631098097;142;0;8900384510;37;61;61;null
../instances/complex/health-n_200;0;8968718;0;0;0;0;0;0;0;8970595;0;16;0;null
../instances/synthetic/synth-n_300-m_5040-k_25-p_0.1.txt;1;601682937;119723770;16801276;0;6111282;0;5661;0;746595481;25;0;0;null
../instances/synthetic/synth-n_300-m_2480-k_20-p_0.05.txt;2;224758464;93651621;5440523;0;2788657;0;9025;0;329286540;17;0;2;null
../instances/synthetic/synth-n_70-m_191-k_30-p_0.05.txt;10;14364963;1078109;259941;0;279552;858196;3392;0;17420303;3;0;6;null
../instances/synthetic/synth-n_275-m_1895-k_2-p_0.05.txt;0;58689508;0;0;0;0;0;0;0;58690733;0;0;2;null
../instances/complex/openflights-n_300;0;11736923;0;0;0;0;0;0;0;11738865;0;27;10;null
../instances/synthetic/synth-n_120-m_1409-k_2-p_0.2.txt;0;44016916;0;0;0;0;0;0;0;44019253;0;0;2;null
../instances/complex/biology-n_23-m_166-p_0.9-17;13;9036489;3350858;480804;0;459729;1282338;3362;0;15429336;2;0;1;null
../instances/synthetic/synth-n_300-m_4565-k_4-p_0.1.txt;1;174529485;5881407;1725207;0;4727048;0;7238;0;189012197;3;0;1;null
../instances/synthetic/synth-n_90-m_327-k_30-p_0.05.txt;35943;23696820;968109872;374484606;43716858;28496507;700559420;179;0;2526284842;9;0;0;null
../instances/complex/biology-n_36-m_219-p_0.75-12;289;13658462;17350608;4513964;264084;1565744;11261002;634;0;57288502;8;0;0;null
../instances/synthetic/synth-n_120-m_482-k_25-p_0.05.txt;90050;41685734;2304768414;997897500;84758655;80489734;1805735714;101;0;6215020298;9;0;0;null
../instances/synthetic/synth-n_200-m_4165-k_4-p_0.2.txt;2;163748611;1976860;1825931;0;5651536;10286519;6957;0;185406651;2;0;2;null
../instances/synthetic/synth-n_90-m_269-k_15-p_0.05.txt;71;18780476;7276123;1478224;0;721567;3262814;2084;0;34973094;5;0;1;null
../instances/complex/biology-n_35-m_315-p_0.9-18;1354;16066668;54276946;16469818;1108183;2782941;50888502;378;0;166770303;7;0;0;null
../instances/synthetic/synth-n_160-m_1523-k_20-p_0.1.txt;14;105313056;153240664;9296253;0;4330591;12514798;3919;0;291141344;17;0;0;null
../instances/complex/biology-n_49-m_689-p_0.9-14;236154;31327699;7802299653;2597602450;211337246;127466567;5728821806;205;0;19462724403;11;0;0;null
../instances/synthetic/synth-n_225-m_5223-k_4-p_0.2.txt;1;188378905;36392975;3973426;0;6480036;0;7509;0;237669748;4;0;0;null
../instances/synthetic/synth-n_250-m_1710-k_15-p_0.05.txt;30;114343028;106483295;4572605;0;4101223;5389661;1862;0;241444536;7;0;0;null
../instances/complex/biology-n_20-m_125-p_0.5-24;49;9969440;5614189;1731842;309967;776256;3315228;3310;0;24738242;5;0;0;null
../instances/synthetic/synth-n_50-m_154-k_8-p_0.1.txt;1;10383437;2097557;272800;0;441848;0;5397;0;13486786;4;0;2;null
../instances/synthetic/synth-n_120-m_1520-k_4-p_0.2.txt;1;54034009;3652554;788979;0;1440999;0;7996;0;61053030;3;0;1;null
../instances/synthetic/synth-n_160-m_1409-k_10-p_0.1.txt;2;84472263;26191341;2904563;0;2562583;0;5492;0;117678370;8;0;1;null
../instances/complex/temporalGraph-n_800;0;42379438;0;0;0;0;0;0;0;42381428;0;9;24;null
../instances/complex/ucsocial-n_1000;0;305283866;0;0;0;0;0;0;0;305284463;0;43;210;null
../instances/synthetic/synth-n_160-m_731-k_10-p_0.05.txt;4;42465258;18633670;1731297;0;1736218;0;6798;0;66331640;7;0;0;null
../instances/synthetic/synth-n_250-m_6262-k_2-p_0.2.txt;0;128851093;0;0;0;0;0;0;0;128852213;0;0;2;null
../instances/synthetic/synth-n_250-m_3124-k_4-p_0.1.txt;0;141926619;0;0;0;0;0;0;0;141927440;0;0;4;null
../instances/synthetic/synth-n_50-m_195-k_15-p_0.1.txt;2;14837610;2553423;458369;0;733968;453131;4069;0;19385820;7;1;0;null
../instances/complex/moreno_innovation-n_241-m_1098;60;40626587;4778928;1139761;378159;596489;2086120;2056;0;51302146;21;19;36;null
../instances/complex/biology-n_19-m_99-p_0.9-20;0;7129754;0;0;0;0;0;0;0;7131852;0;0;3;null
../instances/synthetic/synth-n_225-m_5936-k_30-p_0.2.txt;1;632137691;158322318;14360975;0;5093918;0;6859;0;812211110;30;0;0;null
../instances/complex/biology-n_20-m_125-p_0.5-7;200;9911424;10306921;2880847;0;1150105;8903144;826;0;38899088;6;0;0;null
../instances/synthetic/synth-n_180-m_902-k_10-p_0.05.txt;1;50021319;2679825;1472312;0;1751230;0;5625;0;56446002;7;0;3;null
../instances/synthetic/synth-n_250-m_1757-k_20-p_0.05.txt;446;125917272;463808471;42051532;22510936;8504402;87548437;712;0;808754790;11;0;1;null
../instances/complex/talk-oc-n_400;0;3971233;0;0;0;0;0;0;0;3984450;0;1;0;null
../instances/complex/biology-n_12-m_43-p_0.75-25;0;5739135;0;0;0;0;0;0;0;5741066;0;0;3;null
../instances/synthetic/synth-n_180-m_3631-k_15-p_0.2.txt;1;253210797;132322348;6468452;0;4703595;0;7165;0;399057039;15;0;0;null
../instances/complex/bitcoinalpha-n_100;0;3711071;0;0;0;0;0;0;0;3713902;0;5;0;null
../instances/complex/ucsocial-n_300;0;19193860;0;0;0;0;0;0;0;19195567;0;26;18;null
../instances/synthetic/synth-n_275-m_8401-k_20-p_0.2.txt;1;729965882;236952847;12193125;0;5855683;0;7135;0;988230624;20;0;0;null
../instances/complex3/health-n_50;0;5099694;0;0;0;0;0;0;0;5103726;0;2;0;null
../instances/complex3/talk-oc-n_50;0;1468937;0;0;0;0;0;0;0;1472106;0;0;0;null
../instances/complex3/temporalGraph-n_50;0;5070523;0;0;0;0;0;0;0;5073617;0;3;0;null
../instances/synthetic3/synth-n_50-m_139-k_5-p_0.1.txt;0;21797728;0;0;0;0;0;0;0;21800762;0;0;1;null
../instances/complex3/link-kv-n_100;0;6166231;0;0;0;0;0;0;0;6171262;0;8;0;null
../instances/complex3/bitcoinalpha-n_200;0;13647836;0;0;0;0;0;0;0;13650183;0;8;3;null
../instances/complex3/ucsocial-n_50;0;6643680;0;0;0;0;0;0;0;6647606;0;3;0;null
../instances/synthetic3/synth-n_50-m_143-k_10-p_0.1.txt;0;19474883;0;0;0;0;0;0;0;19475681;0;0;5;null
../instances/complex3/link-kv-n_500;10;64422463;554161;209936;0;178379;886195;3031;0;66798872;3;72;6;null
../instances/complex3/talk-oc-n_1500;0;52653126;0;0;0;0;0;0;0;52655799;0;6;9;null
../instances/complex3/ChicagoRegional-n_3000;4;156868129;82546;741965;0;340726;754945;2753;0;159204850;4;602;25;null
../instances/complex3/openflights-n_1000;3;283424952;455145;430070;0;474735;633362;5874;0;287595214;6;79;116;null
../instances/synthetic3/synth-n_200-m_2199-k_10-p_0.1.txt;6;337847049;79534085;10018813;0;9048574;5652552;7636;0;445074144;9;0;0;null
../instances/synthetic3/synth-n_250-m_1806-k_20-p_0.05.txt;80;288862308;306188082;33966142;5998767;7938405;22016602;546;0;700764041;14;0;1;null
../instances/synthetic3/synth-n_250-m_3416-k_15-p_0.1.txt;6;546528753;126931998;9175887;0;5650057;10245701;5017;0;701146214;14;0;0;null
../instances/synthetic3/synth-n_300-m_4857-k_15-p_0.1.txt;1;714784998;158252385;9112623;0;8495945;0;7979;0;893318436;15;0;0;null
../instances/complex3/ChicagoRegional-n_8000;260;1372000884;4930446;2475270;112250;1824631;3245750;341;0;1387438748;155;2203;647;null
../instances/synthetic3/synth-n_250-m_7102-k_25-p_0.2.txt;6;1199298425;243971279;28250385;0;7534847;10765802;5035;0;1494900745;24;0;0;null
../instances/synthetic3/synth-n_500-m_6745-k_25-p_0.05.txt;1;1180916276;574469562;21169711;0;6695771;0;5214;0;1787074973;25;0;0;null
../instances/complex3/wikispeedia-n_100;0;6682602;0;0;0;0;0;0;0;6700211;0;0;0;null
../instances/complex3/link-kv-n_200;0;11987202;0;0;0;0;0;0;0;11990081;0;20;0;null
../instances/complex3/talk-oc-n_200;0;31930594;0;0;0;0;0;0;0;31932888;0;0;0;null
../instances/complex3/ucsocial-n_500;0;148273534;0;0;0;0;0;0;0;148275627;0;31;49;null
../instances/complex3/openflights-n_1500;2;397269206;34476;134829;0;239265;550453;5578;0;398529271;2;181;230;null
../instances/complex3/advotogo-n_1500;7;451766922;1666992;382447;0;421032;618103;8491;0;455489260;7;89;118;null
../instances/synthetic3/synth-n_200-m_2169-k_15-p_0.1.txt;2;405158667;149508770;6443060;0;42118721;0;10351;0;607050439;13;0;1;null
../instances/complex3/bitcoinalpha-n_3000;23;1093208684;727283;399685;0;347487;690777;3378;0;1096182220;6;160;490;null
../instances/synthetic3/synth-n_400-m_4229-k_20-p_0.05.txt;2;903268983;371119779;14433750;0;8496873;0;10444;0;1302653698;18;0;1;null
../instances/synthetic3/synth-n_300-m_5319-k_30-p_0.1.txt;11;1206919700;577415856;26933193;0;8417112;4018701;5380;0;1830711526;28;0;0;null
../instances/complex3/link-kv-n_50;0;4215359;0;0;0;0;0;0;0;4219694;0;0;0;null
../instances/complex3/ucsocial-n_200;0;12145672;0;0;0;0;0;0;0;12148989;0;19;4;null
../instances/complex3/health-n_100;0;6258383;0;0;0;0;0;0;0;6261231;0;4;0;null
../instances/synthetic3/synth-n_150-m_1269-k_15-p_0.1.txt;1;144681047;52987793;4850787;0;12421440;0;6873;0;216836951;13;0;2;null
../instances/complex3/advotogo-n_3000;558;1985905637;47646638;10556448;4110074;3014743;7142480;704;0;2083446402;24;165;354;null
../instances/synthetic3/synth-n_150-m_2446-k_10-p_0.2.txt;31;296262160;73214604;18344920;0;8586692;36248823;6155;0;438058595;4;0;0;null
../instances/synthetic3/synth-n_500-m_13672-k_25-p_0.1.txt;1;3176902624;1427196331;65132857;0;21728767;0;76302;0;4700826822;25;0;0;null
../instances/synthetic3/synth-n_200-m_2369-k_25-p_0.1.txt;109;364318089;472548653;53486732;9426233;10914425;58285404;2435;0;990839220;21;0;0;null
../instances/complex3/ChicagoRegional-n_9000;576;2875217168;30320514;9688003;1844955;5748853;20505216;526;0;2960908667;232;2294;1093;null
../instances/synthetic3/synth-n_200-m_4763-k_25-p_0.2.txt;39;930661265;301122785;64300746;0;11477164;59093426;2719;0;1382881762;19;0;0;null
../instances/complex3/ChicagoRegional-n_200;0;6684201;0;0;0;0;0;0;0;6688044;0;5;0;null
../instances/complex3/temporalGraph-n_500;2;28936503;948558;254915;0;278032;2101247;8138;0;32919413;6;7;4;null
../instances/complex3/blogs-n_50;0;18293037;0;0;0;0;0;0;0;18294847;0;5;1;null
../instances/complex3/temporalGraph-n_100;0;3427143;0;0;0;0;0;0;0;3432568;0;0;0;null
../instances/complex3/blogs-n_200;0;40372764;0;0;0;0;0;0;0;40375877;0;9;7;null
../instances/complex3/ChicagoRegional-n_10000;984;3817721715;55311740;11774356;6510676;12821093;33098911;1044;0;3965344519;378;2408;1348;null
../instances/complex3/advotogo-n_1000;1;187466935;170888;213008;0;319153;0;6957;0;188549196;3;74;50;null
../instances/synthetic3/synth-n_150-m_630-k_15-p_0.05.txt;1027;93232684;201232608;41192996;14305945;8168599;79767904;937;0;500522850;10;0;1;null
../instances/synthetic3/synth-n_300-m_10113-k_25-p_0.2.txt;1;1893631586;561124910;47964418;0;16643894;0;29175;0;2528933182;25;0;0;null
../instances/complex3/blogs-n_500;8203;211434585;240656240;62985071;18387868;11740667;144831705;694;0;823427408;19;22;30;null
../instances/synthetic3/synth-n_300-m_10954-k_50-p_0.2.txt;11;2454570177;2383819894;107017856;0;18163870;22384902;4681;0;5003912797;48;0;0;null
../instances/complex3/health-n_200;0;21734152;0;0;0;0;0;0;0;21737660;0;17;0;null
../instances/synthetic3/synth-n_250-m_1653-k_10-p_0.05.txt;0;206927798;0;0;0;0;0;0;0;206929700;0;0;10;null
../instances/complex3/talk-oc-n_3000;0;368955834;0;0;0;0;0;0;0;368959735;0;14;15;null
../instances/synthetic3/synth-n_300-m_2373-k_15-p_0.05.txt;1;360015984;193360542;11380399;0;5587492;0;9366;0;572915932;15;0;0;null
../instances/synthetic3/synth-n_150-m_2502-k_15-p_0.2.txt;41;335178330;238481541;23239226;0;31026898;74506003;11626;0;714364273;7;0;0;null
../instances/synthetic3/synth-n_250-m_3493-k_25-p_0.1.txt;16;727808928;342275590;30364593;0;9488854;13254192;4552;0;1130737918;21;0;1;null
../instances/synthetic3/synth-n_300-m_4954-k_20-p_0.1.txt;1;839306534;246258992;18251438;0;11885300;0;7461;0;1120393259;20;0;0;null
../instances/synthetic3/synth-n_250-m_6839-k_20-p_0.2.txt;1;1116510797;227048498;23432629;0;13943669;0;11095;0;1386244293;20;0;0;null
../instances/complex3/bitcoinalpha-n_100;0;4095560;0;0;0;0;0;0;0;4100088;0;2;0;null
../instances/synthetic3/synth-n_500-m_13283-k_20-p_0.1.txt;1;3081567377;957954422;44606779;0;19824157;0;14499;0;4115540074;20;0;0;null
../instances/complex3/ChicagoRegional-n_5000;24;411022540;1743272;829479;0;729493;1459737;2876;0;419272189;24;1320;139;null
../instances/synthetic3/synth-n_200-m_4301-k_10-p_0.2.txt;1;515678578;78460245;9595190;0;15838879;0;13660;0;623237395;10;0;0;null
../instances/synthetic3/synth-n_400-m_18943-k_50-p_0.2.txt;1;5206637475;1958141390;85179932;0;23536523;0;3097;0;7282087042;50;0;0;null
../instances/complex3/blogs-n_100;0;19770073;0;0;0;0;0;0;0;19772338;0;4;4;null
../instances/synthetic3/synth-n_300-m_10205-k_30-p_0.2.txt;9;1727152771;655803091;50620573;0;9669765;31279718;3026;0;2491037638;29;0;0;null
../instances/synthetic3/synth-n_300-m_2470-k_20-p_0.05.txt;10;340124874;170621382;7870483;0;5815879;5690827;2286;0;537200859;16;0;1;null
../instances/synthetic3/synth-n_150-m_1284-k_20-p_0.1.txt;92;130645400;440914921;27417116;14758948;6034877;65089767;1673;0;704265803;18;0;0;null
../instances/synthetic3/synth-n_500-m_26954-k_25-p_0.2.txt;24;7037804426;3215941405;326160629;0;36711706;215370040;17769;0;10877106614;21;0;0;null
../instances/synthetic3/synth-n_400-m_17822-k_30-p_0.2.txt;1;3936129582;1696399966;101509793;0;17726165;0;3386;0;5761117402;30;0;0;null
../instances/synthetic3/synth-n_300-m_9556-k_15-p_0.2.txt;1;1334675230;469053208;36502947;0;16230135;0;13453;0;1864858761;15;0;0;null
../instances/complex3/usairport-n_100;0;15536914;0;0;0;0;0;0;0;15537577;0;5;8;null
../instances/complex3/temporalGraph-n_1500;0;166820884;0;0;0;0;0;0;0;166822496;0;18;59;null
../instances/synthetic3/synth-n_250-m_3730-k_30-p_0.1.txt;1534;899214137;9353749806;682842596;150298306;42725371;1446731474;1531;0;12823006950;26;0;0;null
../instances/synthetic3/synth-n_300-m_2597-k_25-p_0.05.txt;444;314867835;1495618853;102961280;47595700;21894036;247716892;3407;0;2322939501;8;0;0;null
../instances/synthetic3/synth-n_700-m_26060-k_25-p_0.1.txt;1;8001934553;2687913087;93636052;0;25915254;0;5494;0;10825484374;25;0;0;null
../instances/synthetic3/synth-n_250-m_6880-k_15-p_0.2.txt;1;907470424;189925440;12464384;0;13612503;0;13796;0;1128767903;15;0;0;null
../instances/synthetic3/synth-n_500-m_26431-k_20-p_0.2.txt;1;5272101419;2487315967;61755567;0;22546920;0;107207;0;7859198655;20;0;0;null
../instances/complex3/temporalGraph-n_200;0;10354763;0;0;0;0;0;0;0;10356890;0;2;3;null
../instances/synthetic3/synth-n_300-m_10021-k_20-p_0.2.txt;1;1695565626;473360818;35237967;0;16564276;0;31785;0;2230974219;20;0;0;null
../instances/complex3/health-n_1500;5;434587600;308455;182309;0;370130;490673;2248;0;436288519;5;173;268;null
../instances/synthetic3/synth-n_50-m_164-k_15-p_0.1.txt;400;18861178;17148060;9105062;191999;2319557;16618951;363;0;74459467;6;0;1;null
../instances/complex3/openflights-n_2000;13;594056340;273073;415936;0;509751;795418;2475;0;596594610;10;198;384;null
../instances/complex3/chess-n_100;0;4655238;0;0;0;0;0;0;0;4659202;0;0;0;null
../instances/synthetic3/synth-n_500-m_28432-k_50-p_0.2.txt;31;8605612590;6333106075;495499624;0;38460241;475148646;2787;0;16028638656;47;0;0;null
../instances/complex3/usairport-n_500;1630;182887811;66336087;11650892;11168111;3079669;33690584;435;0;338644300;29;19;56;null
../instances/synthetic3/synth-n_1000-m_27142-k_50-p_0.05.txt;1;11053016563;10106619703;210572472;0;42832150;0;12090;0;21433493407;50;0;0;null
../instances/synthetic3/synth-n_100-m_611-k_10-p_0.1.txt;19;51464751;28489192;4028574;0;2218683;3119767;5334;0;93094146;5;0;0;null
../instances/synthetic3/synth-n_150-m_1385-k_25-p_0.1.txt;10390;139914096;8073330720;1030856947;354118543;81509200;2284588878;197;0;12563956288;21;0;0;null
../instances/synthetic3/synth-n_400-m_8815-k_25-p_0.1.txt;6;1602944304;684525986;43304254;0;14099586;12002980;4342;0;2364627590;24;0;0;null
../instances/synthetic3/synth-n_700-m_27622-k_50-p_0.1.txt;1;8786754341;3726653123;155847958;0;40746531;0;16491;0;12719987857;50;0;0;null
../instances/complex3/bitcoinalpha-n_50;0;4512188;0;0;0;0;0;0;0;4516965;0;2;0;null
../instances/complex3/talk-oc-n_500;0;6119447;0;0;0;0;0;0;0;6120569;0;3;0;null
../instances/synthetic3/synth-n_100-m_1151-k_15-p_0.2.txt;2;88094438;51594940;4273423;0;2791935;0;9071;0;148773962;14;0;0;null
../instances/synthetic3/synth-n_700-m_28433-k_70-p_0.1.txt;36;10916200381;16588305685;426199839;218362636;29439161;411965591;2565;0;28643258549;67;0;0;null
../instances/synthetic3/synth-n_150-m_1254-k_10-p_0.1.txt;5;96432370;26862713;3030660;0;2285803;1636195;1720;0;132835142;8;0;0;null
../instances/synthetic3/synth-n_200-m_1076-k_10-p_0.05.txt;0;76502587;0;0;0;0;0;0;0;76504683;0;0;10;null
../instances/synthetic3/synth-n_150-m_634-k_10-p_0.05.txt;0;41923813;0;0;0;0;0;0;0;41925766;0;0;7;null
../instances/synthetic3/synth-n_500-m_14453-k_50-p_0.1.txt;11;3527475417;2983171845;95787130;0;16209631;47134907;15846;0;6682254521;48;0;0;null
../instances/synthetic3/synth-n_250-m_1797-k_25-p_0.05.txt;1277;156786064;3183430820;179973124;91415747;30615931;503313967;1286;0;4360106358;21;0;0;null
../instances/synthetic3/synth-n_100-m_343-k_25-p_0.05.txt;3249;35815903;203351103;58818307;13185937;8879864;152870909;771;0;542944925;8;0;0;null
../instances/synthetic3/synth-n_200-m_1245-k_25-p_0.05.txt;28556;119829135;10607873746;1616505167;765111688;147875438;3242164052;446;0;17781387866;15;0;0;null
../instances/complex3/health-n_1000;0;116692917;0;0;0;0;0;0;0;116693092;0;152;79;null
../instances/synthetic3/synth-n_700-m_13000-k_25-p_0.05.txt;16;2674768807;1737024004;83886338;0;23626207;23370085;2702;0;4561953479;20;0;0;null
../instances/complex3/ChicagoRegional-n_2000;2;48427411;105115;114846;0;91223;594773;5788;0;49666397;2;293;12;null
../instances/synthetic3/synth-n_400-m_9014-k_30-p_0.1.txt;46;1591711620;1268562832;99310175;0;14678407;73004155;3952;0;3067565544;21;0;0;null
../instances/synthetic3/synth-n_300-m_4934-k_25-p_0.1.txt;1;833473734;339347751;25763941;0;10596816;0;7136;0;1213671522;25;0;0;null
../instances/complex3/advotogo-n_50;0;1906223;0;0;0;0;0;0;0;1911193;0;0;0;null
../instances/synthetic3/synth-n_500-m_6986-k_30-p_0.05.txt;13;1029509082;1034310529;26469485;0;8644331;17786384;6088;0;2128607125;26;0;1;null
../instances/synthetic3/synth-n_1000-m_54531-k_50-p_0.1.txt;1;26619744684;11734495781;263465205;0;44853890;0;47944;0;38687609294;50;0;0;null
../instances/complex3/ChicagoRegional-n_1500;0;26538454;0;0;0;0;0;0;0;26540352;0;179;2;null
../instances/synthetic3/synth-n_500-m_29623-k_70-p_0.2.txt;11;8476350789;5789815013;277004061;0;39453088;194022281;79910;0;14812231420;69;0;0;null
../instances/complex3/health-n_500;0;31074183;0;0;0;0;0;0;0;31076373;0;54;13;null
../instances/synthetic3/synth-n_100-m_302-k_15-p_0.05.txt;1;28452159;775272;251567;0;375264;0;8301;0;30237086;4;0;4;null
../instances/complex3/bitcoinalpha-n_1000;0;61055810;0;0;0;0;0;0;0;61056428;0;67;69;null
../instances/synthetic3/synth-n_700-m_52169-k_30-p_0.2.txt;1;16011146999;5686138817;141560471;0;40840297;0;6200;0;21912663748;30;0;0;null
../instances/synthetic3/synth-n_50-m_325-k_15-p_0.2.txt;11330;28933948;607449099;200122631;28290791;19027407;450206963;190;0;1537430283;10;0;0;null
../instances/synthetic3/synth-n_50-m_92-k_20-p_0.05.txt;0;10622595;0;0;0;0;0;0;0;10636823;0;0;2;null
../instances/complex3/advotogo-n_500;0;23902403;0;0;0;0;0;0;0;23905611;0;35;4;null
../instances/synthetic3/synth-n_500-m_27136-k_30-p_0.2.txt;1;5867957429;2868929931;100515850;0;37334402;0;5670;0;8890198680;30;0;0;null
../instances/synthetic3/synth-n_100-m_628-k_20-p_0.1.txt;95321;49064222;7537234785;3134114771;464041531;141445585;4409821580;233;0;17616352697;14;0;0;null
../instances/synthetic3/synth-n_1300-m_46137-k_70-p_0.05.txt;11;25361322590;32045168158;523533816;0;45827004;337121801;28996;0;58349845183;68;0;0;null
../instances/complex3/ucsocial-n_1000;138;431131850;20964731;5714227;1527329;1429433;5644269;1313;0;478407539;31;32;190;null
../instances/complex3/usairport-n_1000;398866;952599121;16480167353;2073461478;1684204655;544095942;6428562242;235;0;33058151306;59;24;149;null
../instances/complex3/ChicagoRegional-n_100;0;3504061;0;0;0;0;0;0;0;3509084;0;1;0;null
../instances/synthetic3/synth-n_1300-m_45241-k_50-p_0.05.txt;191;24421562389;35659887563;1303423562;0;60247327;5090606210;9301;0;66625968763;12;0;0;null
../instances/synthetic3/synth-n_100-m_336-k_30-p_0.05.txt;93749;35363193;3601796610;1344299605;110032617;126511265;2508305368;183;0;9158305765;8;0;1;null
../instances/synthetic3/synth-n_700-m_13374-k_30-p_0.05.txt;6;2893821984;1260524924;49861416;0;16064266;14108793;2193;0;4243607927;29;0;0;null
../instances/synthetic3/synth-n_400-m_19735-k_70-p_0.2.txt;32;4338012748;5872151273;180551361;0;17849085;182164818;21777;0;10624702061;67;0;0;null
../instances/synthetic3/synth-n_100-m_1263-k_25-p_0.2.txt;124574;110886030;57148617283;8310714538;1647724252;360714229;14924440603;543;0;86844756212;20;0;0;null
../instances/synthetic3/synth-n_50-m_72-k_5-p_0.05.txt;0;6434804;0;0;0;0;0;0;0;6436448;0;0;2;null
../instances/synthetic3/synth-n_1300-m_95352-k_100-p_0.1.txt;1;93003105465;45665918984;601647760;0;81485566;0;12724;0;139392986966;100;0;0;null
../instances/synthetic3/synth-n_1300-m_92255-k_70-p_0.1.txt;1;82668342110;38845348770;447027938;0;77058188;0;33515;0;122074669926;70;0;0;null
../instances/synthetic3/synth-n_200-m_4485-k_20-p_0.2.txt;1;476068941;111677083;17763569;0;8985701;0;7892;0;616906338;20;0;0;null
../instances/synthetic3/synth-n_1300-m_89669-k_50-p_0.1.txt;19;67731050395;36055606868;980378318;0;75621845;1187943274;8746;0;106118604333;47;0;0;null
../instances/synthetic3/synth-n_100-m_1229-k_20-p_0.2.txt;395;90789387;337279413;43146444;15436282;7010612;68960967;400;0;590749811;17;0;0;null
../instances/synthetic3/synth-n_1600-m_68907-k_70-p_0.05.txt;219;58399401335;94986342393;4785956575;0;76097761;5846185741;7726;0;164577568719;37;0;0;null
../instances/complex3/link-kv-n_1500;283;86716454;9116083;3283694;0;1205884;7179376;728;0;112514891;25;309;37;null
../instances/complex3/temporalGraph-n_1000;0;70152981;0;0;0;0;0;0;0;70155880;0;23;17;null
../instances/synthetic3/synth-n_250-m_1708-k_15-p_0.05.txt;4;142818003;62203863;3522391;0;3689298;0;7719;0;215401903;11;0;1;null
../instances/complex3/ucsocial-n_100;0;5582458;0;0;0;0;0;0;0;5584161;0;5;0;null
../instances/synthetic3/synth-n_50-m_95-k_15-p_0.05.txt;2;9323748;715666;200265;0;289543;461708;4253;0;11332904;4;0;0;null
../instances/synthetic3/synth-n_1600-m_137884-k_70-p_0.1.txt;1;113004536364;52343671495;483562660;0;86656725;0;37339;0;165974265421;70;0;0;null