name,recursions,rootTime,cleaningTime,packingTime,flowerTime,digraphTime,busyCycleBranchingTime,cycleSearchTime,totalTime,firstLowerbound,firstDigraphNodes,firstCleans
./instances/complex/temporalGraph-n_800,0,183519700,0,0,0,0,0,0,183528000,0,9,24
./instances/complex/bitcoinalpha-n_700,0,26195900,0,0,0,0,0,0,26196100,0,54,32
./instances/complex/biology-n_35-m_315-p_0.75-18,23022,52921700,2916856100,1750497200,151547700,114840600,1125920400,100,6754662300,9,0,0
./instances/complex/biology-n_12-m_33-p_0.5-15,1,636200,43700,21100,0,44100,0,100,762700,3,0,0
./instances/complex/moreno_bison-n_26-m_314,98,2292900,8933200,3828200,829100,2047600,9694800,600,30485000,10,0,1
./instances/complex/biology-n_42-m_297-p_0.75-23,1870964,4791300,47182902600,79124397000,2490727700,597464800,33622149900,1300,-1,6,0,0
./instances/complex/biology-n_12-m_43-p_0.5-25,8,257600,105100,63800,0,31700,104700,200,637300,3,0,0
./instances/complex/chess-n_1000,110,74001200,31759900,27366200,7289900,1485500,13672000,200,162972000,22,17,17
./instances/complex/biology-n_13-m_51-p_0.9-22,0,657200,0,0,0,0,0,0,657100,0,0,3
./instances/complex/biology-n_19-m_99-p_0.75-20,12,2272800,750100,353800,0,164400,214500,300,4036000,3,0,0
./instances/complex/biology-n_12-m_45-p_0.75-19,2,741400,234600,149800,0,66700,53700,200,1304000,3,0,0
./instances/complex/health-n_100,0,460200,0,0,0,0,0,0,458200,0,2,0
./instances/complex/biology-n_28-m_163-p_0.9-11,4,1293000,549300,177800,0,200300,115600,100,2428200,3,0,1
./instances/complex/ChicagoRegional-n_500,0,1187200,0,0,0,0,0,0,1187200,0,21,0
./instances/complex/convote,0,10864500,0,0,0,0,0,0,10864400,0,16,13
./instances/complex/biology-n_20-m_125-p_0.9-24,2,1047400,871500,293000,0,137700,125000,300,2648500,3,0,0
./instances/complex/GD-n_105-m_149.mtx,0,2693400,0,0,0,0,0,0,2693200,0,16,4
./instances/complex/ucsocial-n_1000,0,316858700,0,0,0,0,0,0,316858900,0,43,210
./instances/complex/biology-n_20-m_125-p_0.5-7,87,1493600,2473900,2926900,0,143300,1901100,400,10325600,6,0,0
./instances/complex/GD-n_62-m_287.mtx,1355,3612100,35363400,114264500,12584000,5269700,55900,100,219763300,20,0,10
./instances/complex/biology-n_59-m_624-p_0.75-1,594395,17028500,92579223500,46227037900,2483397600,398773300,25794792900,14400,-1,12,0,1
./instances/complex/ChicagoRegional-n_1000,0,12765400,0,0,0,0,0,0,12765500,0,87,3
./instances/complex/biology-n_42-m_297-p_0.5-23,2110974,3420400,22945711500,104382522600,5298166000,712033800,32317062200,10100,-1,10,0,1
./instances/complex/moreno_cattle-n_28-m_217,2,525200,5200,30900,0,22700,12200,100,643800,2,0,6
./instances/complex/bitcoinalpha-n_500,0,1218300,0,0,0,0,0,0,1218000,0,38,21
./instances/complex/biology-n_35-m_315-p_0.5-18,46241,4471500,3350916900,2070164800,115050300,16127200,1228781300,100,7378703600,8,0,1
./instances/complex/link-kv-n_1000,16,11999800,204400,116200,0,64200,48000,100,12670000,5,215,14
./instances/complex/biology-n_35-m_315-p_0.9-18,491,1570700,22364400,28726900,1507200,372200,14289300,200,75743900,7,0,0
./instances/complex/link-kv-n_200,0,203700,0,0,0,0,0,0,203500,0,18,0
./instances/complex/moreno_hens-n_32-m_496,473,1288600,8919400,10396700,93400,265000,8995000,100,34982500,1,0,0
./instances/complex/biology-n_20-m_125-p_0.75-24,309,574300,4498100,4879300,72500,109300,3827200,100,15656500,4,0,0
./instances/complex/health-n_400,0,2577300,0,0,0,0,0,0,2577300,0,38,4
./instances/complex/openflights-n_200,0,452400,0,0,0,0,0,0,452400,0,12,12
./instances/synthetic/synth-n_140-m_1181-k_20-p_0.1.txt,508,37051200,561793000,259131700,25944200,3909500,103146000,200,1031230200,19,0,0
./instances/complex/Tina_AskCal-n_11-m_29.mtx,0,119000,0,0,0,0,0,0,118900,0,3,0
./instances/synthetic/synth-n_160-m_2611-k_4-p_0.2.txt,0,29301700,0,0,0,0,0,0,29303200,0,0,4
./instances/complex/biology-n_28-m_163-p_0.5-11,80,1531800,3640300,1835100,57800,133400,1494700,200,9364600,6,0,1
./instances/synthetic/synth-n_180-m_3408-k_6-p_0.2.txt,1,67038500,16596900,978400,0,1498700,0,200,86864400,6,0,0
./instances/complex/trust,0,11972600,0,0,0,0,0,0,11972700,0,110,56
./instances/complex/GD-n_80-m_232.mtx,8,1801800,110200,64100,0,31700,59900,200,2137000,2,0,16
./instances/complex/biology-n_20-m_125-p_0.5-24,20,1241600,1556600,737600,81000,123300,504900,100,4444000,5,0,0
./instances/complex/biology-n_19-m_99-p_0.9-20,0,318100,0,0,0,0,0,0,318100,0,0,3
./instances/complex/polbooks-n_105-m_441.mtx,0,774400,0,0,0,0,0,0,774500,0,0,0
./instances/complex/biology-n_29-m_153-p_0.5-21,323,1698100,13679700,18947700,422600,298400,12064200,200,51269600,7,0,1
./instances/complex/temporalGraph-n_700,0,2914900,0,0,0,0,0,0,2914900,0,8,18
./instances/complex/openflights-n_100,0,175000,0,0,0,0,0,0,175400,0,6,2
./instances/synthetic/synth-n_80-m_854-k_25-p_0.2.txt,187451,13342300,84385985900,61863942200,5783963300,518805500,21425232600,48200,-1,18,0,0
./instances/complex/GD-n_38-m_50.mtx,2,168700,4100,12500,0,9100,10800,100,217200,2,0,0
./instances/complex/biology-n_13-m_39-p_0.9-4,0,151900,0,0,0,0,0,0,151800,0,0,4
./instances/complex/bitcoinalpha-n_1000,0,11284700,0,0,0,0,0,0,11284900,0,75,74
./instances/complex/talk-oc-n_300,0,26000,0,0,0,0,0,0,26300,0,0,0
./instances/complex/advotogo-n_500,0,2446100,0,0,0,0,0,0,2446200,0,21,15
./instances/complex/biology-n_12-m_33-p_0.9-15,0,86900,0,0,0,0,0,0,86900,0,0,3
./instances/complex/bitcoinalpha-n_200,0,145800,0,0,0,0,0,0,145300,0,13,0
./instances/complex/ChicagoRegional-n_400,0,124300,0,0,0,0,0,0,124300,0,13,0
./instances/synthetic/synth-n_90-m_410-k_4-p_0.1.txt,0,1023100,0,0,0,0,0,0,1023000,0,0,4
./instances/synthetic/synth-n_300-m_4762-k_8-p_0.1.txt,1,180377500,74745900,1380200,0,3855700,0,200,261267000,7,0,1
./instances/synthetic/synth-n_70-m_274-k_4-p_0.1.txt,5,815500,9900,18900,0,9900,22000,100,896700,1,0,2
./instances/synthetic/synth-n_300-m_2382-k_6-p_0.05.txt,0,45713500,0,0,0,0,0,0,45713900,0,0,6
./instances/synthetic/synth-n_50-m_97-k_15-p_0.05.txt,0,317800,0,0,0,0,0,0,317700,0,0,4
./instances/synthetic/synth-n_275-m_2130-k_20-p_0.05.txt,16,78051500,175378000,10733000,0,1263100,9068200,200,277776700,17,0,0
./instances/complex/ChicagoRegional-n_300,0,73800,0,0,0,0,0,0,73900,0,8,0
./instances/complex/usairport-n_500,108,18627900,6108800,3509400,591600,200600,269500,200,31358200,21,29,44
./instances/complex/biology-n_30-m_287-p_0.5-5,34838,1755600,1616508200,1160855200,47591600,10637800,774606500,100,3957243900,8,0,0
./instances/synthetic/synth-n_60-m_94-k_4-p_0.05.txt,0,208800,0,0,0,0,0,0,208600,0,0,1
./instances/complex/ucsocial-n_400,0,4720500,0,0,0,0,0,0,4721000,0,28,45
./instances/synthetic/synth-n_140-m_2032-k_2-p_0.2.txt,0,13175500,0,0,0,0,0,0,13175900,0,0,2
./instances/complex/advotogo-n_300,0,413700,0,0,0,0,0,0,413500,0,13,2
./instances/synthetic/synth-n_80-m_667-k_2-p_0.2.txt,0,3284800,0,0,0,0,0,0,3285300,0,0,2
./instances/complex/talk-oc-n_400,0,68000,0,0,0,0,0,0,67900,0,1,0
./instances/synthetic/synth-n_20-m_54-k_8-p_0.2.txt,0,308400,0,0,0,0,0,0,308700,0,1,2
./instances/complex/biology-n_13-m_51-p_0.75-22,1,208400,42400,19600,0,19400,0,100,304300,3,0,0
./instances/synthetic/synth-n_60-m_196-k_2-p_0.1.txt,0,274700,0,0,0,0,0,0,274600,0,0,2
./instances/synthetic/synth-n_300-m_5197-k_30-p_0.1.txt,4,387494700,542351300,19951000,0,4574400,5926800,300,962322900,30,0,0
./instances/complex/link-kv-n_400,0,1388100,0,0,0,0,0,0,1387700,0,73,5
./instances/complex/talk-oc-n_500,0,105700,0,0,0,0,0,0,105700,0,4,0
./instances/synthetic/synth-n_120-m_1409-k_2-p_0.2.txt,0,8264000,0,0,0,0,0,0,8264000,0,0,2
./instances/complex/temporalGraph-n_100,0,101900,0,0,0,0,0,0,102200,0,3,0
./instances/synthetic/synth-n_200-m_2488-k_30-p_0.1.txt,689,103044500,571003800,1633109800,178345900,19042000,392786900,200,2941578700,27,0,0
./instances/complex/talk-oc-n_200,0,49600,0,0,0,0,0,0,49400,0,1,0
./instances/complex/biology-n_22-m_76-p_0.9-9,3,248300,191200,40900,0,88100,38700,100,627500,3,0,0
./instances/complex/wikispeedia-n_700,8,19835300,662500,213900,0,69400,74100,100,20981600,7,34,35
./instances/synthetic/synth-n_100-m_305-k_4-p_0.05.txt,0,828300,0,0,0,0,0,0,828300,0,0,3
./instances/complex/biology-n_9-m_23-p_0.75-1,0,80800,0,0,0,0,0,0,80400,0,0,2
./instances/complex/ChicagoRegional-n_800,0,451300,0,0,0,0,0,0,451200,0,41,0
./instances/synthetic/synth-n_160-m_746-k_15-p_0.05.txt,127,16102700,29297100,16834300,2019800,857500,8974600,100,78852300,5,0,2
./instances/complex/biology-n_9-m_23-p_0.9-1,0,82000,0,0,0,0,0,0,81700,0,0,1
./instances/complex/health-n_300,0,801900,0,0,0,0,0,0,801800,0,20,2
./instances/synthetic/synth-n_40-m_36-k_2-p_0.05.txt,0,106700,0,0,0,0,0,0,106600,0,0,0
./instances/complex/temporalGraph-n_500,7,1211000,57400,33400,0,21400,0,100,1374800,2,2,9
./instances/complex/GD-n_84-m_196.mtx,0,246600,0,0,0,0,0,0,246400,0,0,0
./instances/complex/biology-n_22-m_76-p_0.75-9,3,300400,102300,37300,0,27200,0,200,495800,3,0,0
./instances/complex/health-n_1000,10,21932400,149000,72200,0,49700,22000,100,22292800,9,135,87
./instances/complex/ucsocial-n_800,0,59191200,0,0,0,0,0,0,59191600,0,48,135
./instances/complex/usairport-n_200,0,1368400,0,0,0,0,0,0,1368500,0,13,16
./instances/complex/temporalGraph-n_200,0,230900,0,0,0,0,0,0,230800,0,3,0
./instances/complex/ucsocial-n_300,0,2703800,0,0,0,0,0,0,2705900,0,26,18
./instances/complex/GD-n_23-m_87.mtx,2,286800,3900,21100,0,9400,13900,100,352000,2,1,6
./instances/complex/biology-n_42-m_297-p_0.9-23,1334,1404800,25163900,44614500,926700,769700,25756600,100,109220900,7,0,2
./instances/synthetic/synth-n_140-m_2487-k_30-p_0.2.txt,88,75171400,763184100,108021600,34362500,1207700,51003100,200,1049142300,28,0,0
./instances/complex/chess-n_400,0,575900,0,0,0,0,0,0,575800,0,9,1
./instances/complex/biology-n_56-m_526-p_0.9-2,16,2394700,3293900,1010900,705800,161900,282900,200,8142700,10,0,3
./instances/complex/biology-n_25-m_231-p_0.5-6,2991,1199100,161271200,121274600,4703700,748300,75793100,200,395012000,7,0,0
./instances/synthetic/synth-n_120-m_420-k_10-p_0.05.txt,0,2239400,0,0,0,0,0,0,2240200,0,0,7
./instances/complex/advotogo-n_700,0,4977300,0,0,0,0,0,0,4978100,0,49,15
./instances/complex/ChicagoRegional-n_100,0,77100,0,0,0,0,0,0,78200,0,0,0
./instances/complex/biology-n_29-m_153-p_0.75-21,387,1274800,8927800,10527800,530200,237000,5939700,200,30219300,7,0,0
./instances/synthetic/synth-n_160-m_731-k_10-p_0.05.txt,4,8224100,7681200,201700,0,244200,0,200,16897200,7,0,0
./instances/complex/GD-n_101-m_190.mtx,0,225100,0,0,0,0,0,0,224900,0,0,0
./instances/complex/GD-n_121-m_207.mtx,0,411500,0,0,0,0,0,0,411500,0,43,0
./instances/synthetic/synth-n_275-m_2121-k_25-p_0.05.txt,429,95792700,1172503600,430453000,59629600,8654500,181269900,300,2007133900,21,0,0
./instances/complex/bitcoinalpha-n_800,0,4952600,0,0,0,0,0,0,4952800,0,57,34
./instances/complex/biology-n_45-m_326-p_0.75-16,1009,3063900,63926700,35643500,1831300,528300,23008900,200,141187900,13,0,0
./instances/complex/baywet,0,2991000,0,0,0,0,0,0,2991000,0,0,7
./instances/complex/maayan_foodweb-n_183-m_2476,9,2321900,109400,76100,0,43300,24100,100,2620100,3,0,5
./instances/synthetic/synth-n_30-m_25-k_2-p_0.05.txt,0,76200,0,0,0,0,0,0,76100,0,0,0
./instances/complex/advotogo-n_100,0,68400,0,0,0,0,0,0,68300,0,3,0
./instances/complex/biology-n_16-m_79-p_0.9-3,7,480200,227300,148500,0,50900,93900,200,1091400,3,0,0
./instances/complex/biology-n_23-m_166-p_0.9-17,11,580200,335300,151200,0,46700,131600,200,1334500,2,0,1
./instances/synthetic/synth-n_200-m_1059-k_8-p_0.05.txt,0,13806400,0,0,0,0,0,0,13805000,0,0,8
./instances/complex/wikispeedia-n_400,0,4848700,0,0,0,0,0,0,4849400,0,28,11
./instances/complex/biology-n_13-m_39-p_0.75-4,0,134300,0,0,0,0,0,0,134100,0,0,3
./instances/complex/health-n_800,0,7670800,0,0,0,0,0,0,7671200,0,116,48
./instances/synthetic/synth-n_60-m_211-k_10-p_0.1.txt,13,1606800,1161000,436800,0,94600,202200,200,3669700,5,0,0
./instances/synthetic/synth-n_275-m_4399-k_25-p_0.1.txt,12,280754000,466144600,21961200,0,2438300,0,200,775523400,14,0,0
./instances/synthetic/synth-n_300-m_4893-k_15-p_0.1.txt,1,301140900,131702300,3423800,0,2322100,0,300,439712500,15,0,0
./instances/synthetic/synth-n_200-m_4241-k_6-p_0.2.txt,1,129812000,46059800,3425000,0,4232800,0,200,184716200,6,0,0
./instances/synthetic/synth-n_30-m_28-k_4-p_0.05.txt,0,180700,0,0,0,0,0,0,181700,0,2,0
./instances/synthetic/synth-n_90-m_504-k_15-p_0.1.txt,387,6690800,95177000,65365000,6882300,670000,28836100,200,218555500,10,0,0
./instances/synthetic/synth-n_90-m_527-k_20-p_0.1.txt,4286,7256600,529601600,754508800,72839300,6190300,237533500,200,1700368600,11,0,0
./instances/synthetic/synth-n_180-m_3302-k_4-p_0.2.txt,0,47172400,0,0,0,0,0,0,47173200,0,0,4
./instances/synthetic/synth-n_225-m_2523-k_2-p_0.1.txt,0,14915300,0,0,0,0,0,0,14916600,0,0,2
./instances/synthetic/synth-n_40-m_47-k_6-p_0.05.txt,0,166800,0,0,0,0,0,0,167500,0,0,0
./instances/synthetic/synth-n_200-m_4165-k_4-p_0.2.txt,2,80212700,1445000,1151300,0,2557500,5496200,300,91978500,2,0,2
./instances/synthetic/synth-n_140-m_1047-k_4-p_0.1.txt,0,11484100,0,0,0,0,0,0,11485400,0,0,4
./instances/synthetic/synth-n_275-m_2051-k_10-p_0.05.txt,1,59251100,7126700,479600,0,861700,0,200,67951800,5,0,5
./instances/synthetic/synth-n_40-m_50-k_4-p_0.05.txt,0,265500,0,0,0,0,0,0,266700,0,1,0
./instances/complex/ChicagoRegional-n_700,0,716500,0,0,0,0,0,0,717500,0,55,2
./instances/synthetic/synth-n_100-m_1119-k_8-p_0.2.txt,1,21022400,6933300,486200,0,505100,0,300,29191700,8,0,0
./instances/synthetic/synth-n_60-m_222-k_6-p_0.1.txt,0,546000,0,0,0,0,0,0,546800,0,0,5
./instances/complex/biology-n_29-m_153-p_0.9-21,3,766200,270500,74400,0,56100,0,100,1222000,3,0,1
./instances/synthetic/synth-n_250-m_1757-k_20-p_0.05.txt,259,60365300,323408700,130537300,25808400,3965400,64972600,100,646758200,11,0,1
./instances/synthetic/synth-n_90-m_327-k_30-p_0.05.txt,4478,2968800,228951500,388332200,31833100,3455100,137214600,200,854725000,9,0,0
./instances/complex/biology-n_36-m_219-p_0.9-12,6,656400,44200,33000,0,28900,29800,100,818400,2,0,6
./instances/synthetic/synth-n_160-m_3134-k_30-p_0.2.txt,25,131715600,372377200,44050400,0,1532500,8000300,200,562599700,12,0,0
./instances/synthetic/synth-n_275-m_3851-k_4-p_0.1.txt,0,78564600,0,0,0,0,0,0,78565800,0,0,4
./instances/synthetic/synth-n_225-m_1390-k_10-p_0.05.txt,1,29903300,9423800,515500,0,681000,0,200,40790900,9,0,1
./instances/synthetic/synth-n_250-m_6833-k_15-p_0.2.txt,1,378976400,161874800,4266500,0,3363000,0,200,550176300,15,0,0
./instances/synthetic/synth-n_40-m_114-k_10-p_0.1.txt,0,260900,0,0,0,0,0,0,261600,0,3,3
./instances/complex/link-kv-n_100,0,83700,0,0,0,0,0,0,84500,0,8,0
./instances/synthetic/synth-n_90-m_558-k_25-p_0.1.txt,332328,9017400,70088826500,72589231100,6498871800,373207800,21792108100,36200,-1,14,0,0
./instances/complex/link-kv-n_800,22,5414500,139200,85000,0,58500,25100,300,5813100,7,162,9
./instances/complex/biology-n_23-m_166-p_0.5-17,1603,807000,37493400,37724400,1649700,367300,23953200,100,112273900,7,0,0
./instances/complex/health-n_200,0,290000,0,0,0,0,0,0,290300,0,16,0
./instances/complex/moreno_sheep-n_28-m_250,13,577100,799900,190900,0,66600,64100,100,1899600,5,0,1
./instances/complex/wikispeedia-n_100,0,150100,0,0,0,0,0,0,150500,0,6,0
./instances/complex/biology-n_12-m_45-p_0.5-19,6,167400,66300,43200,0,22400,27000,100,353900,2,0,0
./instances/complex/talk-oc-n_800,0,381300,0,0,0,0,0,0,381900,0,4,0
./instances/synthetic/synth-n_50-m_320-k_15-p_0.2.txt,167,14434400,28792700,18250000,2101000,995900,8591900,200,76225600,10,0,0
./instances/synthetic/synth-n_225-m_4993-k_2-p_0.2.txt,0,35415100,0,0,0,0,0,0,35413200,0,0,2
./instances/synthetic/synth-n_90-m_258-k_20-p_0.05.txt,18,3117000,1694800,948600,137100,137400,508200,200,6889500,7,0,1
./instances/synthetic/synth-n_50-m_70-k_4-p_0.05.txt,0,137300,0,0,0,0,0,0,138200,0,0,0
./instances/synthetic/synth-n_160-m_1447-k_15-p_0.1.txt,9,29282300,40108900,3267100,0,574000,0,200,74418000,6,0,1
./instances/synthetic/synth-n_160-m_800-k_30-p_0.05.txt,236815,24330900,63232948000,81142540700,6020667900,386178300,21091308100,53300,-1,15,0,1
./instances/complex/biology-n_12-m_43-p_0.75-25,0,129500,0,0,0,0,0,0,130000,0,0,3
./instances/complex/chess-n_300,0,284100,0,0,0,0,0,0,284500,0,4,0
./instances/complex/bitcoinalpha-n_300,0,346400,0,0,0,0,0,0,347500,0,22,0
./instances/complex/biology-n_28-m_249-p_0.9-8,6,685200,399400,145900,0,66700,32400,200,1417100,2,0,1
./instances/complex/blogs-n_500,8,19519300,656000,132400,0,111200,48700,200,20558000,8,19,39
./instances/complex/wikispeedia-n_300,0,1157300,0,0,0,0,0,0,1158500,0,13,10
./instances/complex/temporalGraph-n_300,0,915100,0,0,0,0,0,0,916200,0,2,5
./instances/synthetic/synth-n_100-m_643-k_25-p_0.1.txt,396992,10902700,56245462200,83045283500,7704353000,446343800,23346335800,39600,-1,12,0,0
./instances/complex/biology-n_12-m_43-p_0.9-25,0,117200,0,0,0,0,0,0,117900,0,0,1
./instances/synthetic/synth-n_20-m_20-k_4-p_0.1.txt,0,86900,0,0,0,0,0,0,87800,0,0,0
./instances/synthetic/synth-n_200-m_4097-k_2-p_0.2.txt,0,39784500,0,0,0,0,0,0,39785500,0,0,2
./instances/synthetic/synth-n_275-m_4371-k_30-p_0.1.txt,11,282233000,467618600,41544600,0,2300800,16086800,200,812229500,29,0,0
./instances/synthetic/synth-n_120-m_790-k_10-p_0.1.txt,3,8471400,6121700,342900,0,281700,0,200,15504700,8,0,0
./instances/synthetic/synth-n_140-m_2195-k_10-p_0.2.txt,1,43552600,16754300,831500,0,958500,0,300,62743000,10,0,0
./instances/synthetic/synth-n_120-m_492-k_30-p_0.05.txt,589945,14801800,43058913900,93220094400,5487460000,495729200,26714965100,3100,-1,14,0,0
./instances/complex/biology-n_22-m_76-p_0.5-9,13,467700,177700,163300,0,40100,149900,200,1086200,2,0,0
./instances/complex/blogs-n_800,66980,343912100,5666058300,15436484600,1841850500,493848100,2996176000,100,29972105900,45,15,73
./instances/complex/biology-n_17-m_89-p_0.75-10,7,342100,342500,131500,0,43100,67100,200,964500,3,0,0
./instances/complex/openflights-n_500,0,3347600,0,0,0,0,0,0,3348600,0,46,42
./instances/complex/chess-n_500,0,1272100,0,0,0,0,0,0,1272700,0,8,8
./instances/complex/openflights-n_1000,0,30944200,0,0,0,0,0,0,30945400,0,88,140
./instances/complex/blogs-n_200,0,2390500,0,0,0,0,0,0,2392600,0,11,14
./instances/complex/baydry,0,3962500,0,0,0,0,0,0,3963600,0,0,7
./instances/complex/usairport-n_1000,86730,276917400,1302267900,1938909400,165151500,66613500,81731900,100,5292337700,56,28,147
./instances/complex/biology-n_17-m_89-p_0.9-10,6,289000,174400,36300,0,32300,0,200,589600,2,0,0
./instances/complex/biology-n_19-m_99-p_0.5-20,48,415900,1403700,921700,0,57600,713500,200,3845700,5,0,0
./instances/complex/biology-n_49-m_689-p_0.9-14,49021,6511700,7596558000,5394376100,258936400,34176700,2337100500,200,16758976100,11,0,0
./instances/complex/wikispeedia-n_1000,122,88549100,14853900,22426900,1930800,880300,2185600,200,133460900,37,61,61
./instances/complex/biology-n_9-m_23-p_0.5-1,0,64600,0,0,0,0,0,0,65400,0,0,2
./instances/complex/biology-n_13-m_39-p_0.5-4,2,144600,9700,28000,0,17400,15700,100,230100,2,0,0
./instances/complex/ucsocial-n_200,0,779000,0,0,0,0,0,0,779700,0,9,15
./instances/complex/moreno_innovation-n_241-m_1098,52,6711500,1236400,665800,0,140500,489900,100,9574900,21,19,36
./instances/synthetic/synth-n_120-m_935-k_30-p_0.1.txt,200760,22170300,66564977500,77280864200,7024980800,737286000,21389315200,51800,-1,22,0,0
./instances/complex/biology-n_12-m_45-p_0.9-19,0,81000,0,0,0,0,0,0,81100,0,0,1
./instances/complex/biology-n_25-m_231-p_0.75-6,3205,1204900,148903400,105327600,5062600,971800,61394600,100,352918800,7,0,0
./instances/complex/chess-n_800,7,7335500,163400,73200,0,35500,0,100,7672500,5,14,17
./instances/complex/link-kv-n_500,179,8946900,126325600,6499000,234700,859900,3679900,200,157649300,21,52,6
./instances/complex/usairport-n_800,1957,118644100,25820900,24564600,2089100,694100,1268200,200,193005100,19,34,127
./instances/complex/chess-n_700,3,3376700,144500,60000,0,33100,28600,100,3664500,6,8,9
./instances/complex/temporalGraph-n_1000,8,24003100,748900,216500,0,108500,0,300,25273400,7,7,29
./instances/complex/talk-oc-n_100,0,50700,0,0,0,0,0,0,51700,0,1,0
./instances/complex/talk-oc-n_1000,0,3001000,0,0,0,0,0,0,3001700,0,6,0
./instances/complex/biology-n_20-m_125-p_0.9-7,1,449300,57400,27600,0,41400,0,200,605900,3,0,1
./instances/complex/wikispeedia-n_800,367,42543000,18567500,34353000,2524700,1200100,14656400,200,120177300,25,36,46
./instances/complex/wikispeedia-n_200,0,437400,0,0,0,0,0,0,438200,0,8,2
./instances/complex/blogs-n_700,30271,150989300,3198977900,9168140400,1326120100,298722700,778866200,200,16772778200,47,13,53
./instances/complex/biology-n_16-m_79-p_0.5-3,47,316200,573600,407500,0,39400,336200,100,1853400,4,0,0
./instances/complex/ucsocial-n_100,0,425800,0,0,0,0,0,0,426300,0,9,5
./instances/complex/biology-n_30-m_287-p_0.75-5,1106,1336800,67549800,53724100,2731000,803900,30122600,300,170456200,8,0,0
./instances/complex/chess-n_200,0,175000,0,0,0,0,0,0,175200,0,3,0
./instances/complex/biology-n_45-m_326-p_0.9-16,53,1100400,1564600,736100,44900,142900,544000,200,4612700,9,0,0
./instances/complex/openflights-n_400,0,1633200,0,0,0,0,0,0,1634100,0,37,32
./instances/complex/ucsocial-n_500,0,13202900,0,0,0,0,0,0,13204400,0,28,77
./instances/complex/biology-n_17-m_89-p_0.5-10,5,382000,286800,119700,0,40200,56800,100,941700,4,0,0
./instances/complex/biology-n_12-m_33-p_0.75-15,0,113600,0,0,0,0,0,0,114100,0,0,3
./instances/complex/health-n_700,5,5867400,33300,18300,0,13100,0,100,5956200,2,107,16
./instances/complex/usairport-n_400,13,21768300,1631900,323500,0,155700,0,100,24070300,21,28,30
./instances/complex/openflights-n_300,0,609100,0,0,0,0,0,0,609900,0,27,10
./instances/complex/biology-n_45-m_326-p_0.5-16,1597,3133500,72507200,62406100,3461900,712900,37974600,100,196197100,13,0,0
./instances/complex/advotogo-n_1000,0,6375000,0,0,0,0,0,0,6355400,0,72,40
./instances/complex/blogs-n_100,0,645300,0,0,0,0,0,0,646300,0,6,2
./instances/complex/openflights-n_800,0,11752200,0,0,0,0,0,0,11753800,0,75,104
./instances/complex/biology-n_30-m_287-p_0.9-5,124,1120900,5063200,5944900,0,146600,2960400,200,16833900,7,0,0
./instances/complex/health-n_500,0,3381700,0,0,0,0,0,0,3383400,0,72,8
./instances/complex/GD-n_36-m_57.mtx,0,179300,0,0,0,0,0,0,179900,0,1,4
./instances/complex/openflights-n_700,2,8270200,123900,62200,0,36100,14600,100,8531500,7,78,63
./instances/complex/biology-n_13-m_51-p_0.5-22,2,198100,95800,20600,0,22000,0,100,357700,3,0,0
./instances/complex/moreno_rhesus-m_16-m_111,20,256500,262200,114800,0,33000,0,200,787300,5,2,0
./instances/synthetic/synth-n_140-m_511-k_4-p_0.05.txt,0,1734300,0,0,0,0,0,0,1735700,0,0,2
./instances/complex/usairport-n_100,0,156300,0,0,0,0,0,0,157200,0,10,0
./instances/synthetic/synth-n_40-m_203-k_8-p_0.2.txt,3,1751300,1808700,415100,0,155400,212200,200,4427400,6,1,0
./instances/complex/blogs-n_300,0,9206100,0,0,0,0,0,0,9207400,0,7,29
./instances/complex/biology-n_28-m_249-p_0.75-8,4014,1564600,178487500,174871600,9845700,1509000,85411600,200,498121200,8,0,0
./instances/complex/chess-n_100,0,69500,0,0,0,0,0,0,70200,0,2,0
./instances/complex/biology-n_28-m_249-p_0.5-8,65968,1432400,2265529700,2127418400,83086300,16863000,1256552700,100,6319059500,6,0,0
./instances/synthetic/synth-n_140-m_2038-k_4-p_0.2.txt,1,23761600,4728600,243000,0,773000,0,200,29857200,4,0,0
./instances/complex/biology-n_36-m_219-p_0.75-12,101,878600,2717100,2804300,85700,238700,1454600,100,8915200,8,0,0
./instances/complex/talk-oc-n_700,0,863100,0,0,0,0,0,0,874600,0,2,0
./instances/complex/biology-n_23-m_166-p_0.75-17,362,720900,10324500,8524900,166500,175800,5547000,100,28248000,4,0,0
./instances/synthetic/synth-n_30-m_28-k_8-p_0.05.txt,0,77400,0,0,0,0,0,0,77500,0,0,1
./instances/complex/usairport-n_300,8,4824500,420300,93400,0,45000,0,300,5509200,5,15,25
./instances/complex/temporalGraph-n_400,0,1178000,0,0,0,0,0,0,1178100,0,5,7
./instances/complex/usairport-n_700,135,105851100,20322300,5644300,280600,428900,3372800,100,140361900,30,33,78
./instances/synthetic/synth-n_250-m_1916-k_30-p_0.05.txt,74510,73254300,73172015500,68904410800,9535656100,940643900,20987299900,15200,-1,21,0,0
./instances/complex/bitcoinalpha-n_400,0,485800,0,0,0,0,0,0,485900,0,20,8
./instances/complex/biology-n_16-m_79-p_0.75-3,8,293000,259700,155600,0,40700,73800,100,861700,4,0,0
./instances/complex/bitcoinalpha-n_100,0,46400,0,0,0,0,0,0,46000,0,5,0
./instances/synthetic/synth-n_160-m_663-k_4-p_0.05.txt,0,5058000,0,0,0,0,0,0,5058200,0,0,4
./instances/synthetic/synth-n_100-m_645-k_20-p_0.1.txt,2266,8405600,487498900,568876000,59470800,7363700,170203000,100,1364293600,15,0,0
./instances/complex/biology-n_20-m_125-p_0.75-7,9,408300,395000,145700,0,50600,95700,100,1147200,4,0,0
./instances/complex/moreno_mac-n_62-m_1187,49,2875500,2200300,2132300,496300,129100,1286700,200,9891400,8,0,3
./instances/complex/GD-n_180-m_229.mtx,0,867200,0,0,0,0,0,0,867200,0,1,1
./instances/synthetic/synth-n_50-m_90-k_20-p_0.05.txt,0,281100,0,0,0,0,0,0,281300,0,0,2
./instances/synthetic/synth-n_60-m_271-k_20-p_0.1.txt,20905,2267800,541075700,1401646400,41502800,8495900,475716300,100,2668367700,10,0,0
./instances/complex/advotogo-n_800,0,7074900,0,0,0,0,0,0,7074900,0,48,31
./instances/complex/link-kv-n_700,0,2974200,0,0,0,0,0,0,2974400,0,162,4
./instances/complex/biology-n_25-m_231-p_0.9-6,39,832400,1768600,1220800,0,91000,681600,200,5016400,6,0,0
./instances/complex/advotogo-n_200,0,198000,0,0,0,0,0,0,198300,0,5,0
./instances/synthetic/synth-n_225-m_2884-k_20-p_0.1.txt,4,125588800,117058900,3881400,0,1346300,0,200,249147300,17,0,0
./instances/complex/ucsocial-n_700,0,46255100,0,0,0,0,0,0,46255300,0,37,129
./instances/complex/biology-n_28-m_163-p_0.75-11,4,796500,532700,135700,0,64500,24200,100,1616000,5,0,1
./instances/synthetic/synth-n_300-m_2234-k_4-p_0.05.txt,0,47190900,0,0,0,0,0,0,47191400,0,0,4
./instances/synthetic/synth-n_80-m_319-k_4-p_0.1.txt,0,1441100,0,0,0,0,0,0,1441100,0,0,3
./instances/synthetic/synth-n_70-m_347-k_25-p_0.1.txt,831626,3712000,57053993700,74879545000,3285979200,402949000,28538225300,300,176836021200,10,0,0
./instances/synthetic/synth-n_300-m_4844-k_10-p_0.1.txt,1,239321800,80594300,1360500,0,2502200,0,300,324945500,10,0,0
./instances/synthetic/synth-n_120-m_724-k_4-p_0.1.txt,0,7496300,0,0,0,0,0,0,7496700,0,0,4
./instances/complex/biology-n_36-m_219-p_0.5-12,427,1489300,11390600,10290300,348900,218000,5660900,100,32281900,9,0,0
./instances/synthetic/synth-n_160-m_3034-k_25-p_0.2.txt,5,112599700,118361300,5934500,0,1354800,0,300,239854900,21,0,0
./instances/synthetic/synth-n_120-m_1825-k_25-p_0.2.txt,43,38330800,134767000,53466400,7537100,856300,15904200,100,254482600,23,0,0
./instances/synthetic/synth-n_250-m_1667-k_8-p_0.05.txt,0,34996200,0,0,0,0,0,0,34996500,0,0,8
./instances/synthetic/synth-n_20-m_48-k_2-p_0.2.txt,0,102400,0,0,0,0,0,0,102500,0,0,2
./instances/synthetic/synth-n_40-m_58-k_15-p_0.05.txt,0,182100,0,0,0,0,0,0,182300,0,0,1
./instances/complex/biology-n_59-m_624-p_0.9-1,31668,6098400,1613052300,1722997500,94059200,14238200,873363600,100,4746782000,11,0,3
./instances/synthetic/synth-n_180-m_1627-k_4-p_0.1.txt,0,21106900,0,0,0,0,0,0,21107100,0,0,4
./instances/synthetic/synth-n_225-m_1391-k_15-p_0.05.txt,2,41900400,21109600,901900,0,692600,0,200,65211800,14,0,0
./instances/synthetic/synth-n_300-m_2418-k_10-p_0.05.txt,1,77241000,27945000,568200,0,830100,0,200,106939500,7,0,3
./instances/synthetic/synth-n_250-m_1694-k_10-p_0.05.txt,3,38216400,17835300,546900,0,634100,0,200,58056200,8,0,0
./instances/synthetic/synth-n_300-m_2261-k_2-p_0.05.txt,0,22748200,0,0,0,0,0,0,22748400,0,0,2
./instances/synthetic/synth-n_200-m_1063-k_2-p_0.05.txt,0,5098700,0,0,0,0,0,0,5098900,0,0,2
./instances/synthetic/synth-n_200-m_1093-k_4-p_0.05.txt,0,8522100,0,0,0,0,0,0,8522200,0,0,4
./instances/synthetic/synth-n_200-m_2270-k_20-p_0.1.txt,7,78970200,130991800,11425000,0,1136800,5660000,200,229375000,19,0,0
./instances/synthetic/synth-n_60-m_463-k_20-p_0.2.txt,504632,8295200,32080295500,93713763400,8225642900,437994000,26040616300,100,167802306500,13,0,0
./instances/synthetic/synth-n_20-m_18-k_4-p_0.05.txt,0,151500,0,0,0,0,0,0,151600,0,0,1
./instances/synthetic/synth-n_250-m_6353-k_4-p_0.2.txt,1,130110400,32403800,1140700,0,2806600,0,200,168077800,4,0,0
./instances/synthetic/synth-n_180-m_1057-k_25-p_0.05.txt,132533,25466200,105666667100,39735615900,4428152200,432617100,18665781500,9600,-1,11,0,0
./instances/synthetic/synth-n_180-m_1968-k_20-p_0.1.txt,4,69987200,92825500,3681400,0,1586200,0,200,169438400,17,0,0
./instances/synthetic/synth-n_225-m_1286-k_2-p_0.05.txt,0,4767300,0,0,0,0,0,0,4767900,0,0,2
./instances/synthetic/synth-n_200-m_2275-k_15-p_0.1.txt,1,75203800,29159300,1224900,0,1172700,0,100,107220400,15,0,0
./instances/synthetic/synth-n_30-m_73-k_10-p_0.1.txt,5,391000,76400,65800,0,27800,36300,200,622100,2,0,1
./instances/synthetic/synth-n_180-m_3481-k_10-p_0.2.txt,1,123473500,51916900,1612900,0,1501200,0,200,179236100,10,0,0
./instances/synthetic/synth-n_70-m_644-k_25-p_0.2.txt,253934,8059300,79444519100,63302959800,5810329900,514595600,23402514900,7100,-1,12,0,0
./instances/synthetic/synth-n_200-m_4160-k_10-p_0.2.txt,3,148871600,61191800,2996500,0,1911900,0,200,216088800,8,0,0
./instances/synthetic/synth-n_275-m_3815-k_6-p_0.1.txt,1,91137600,17390800,487100,0,1298700,0,200,110919500,5,0,1
./instances/synthetic/synth-n_250-m_1569-k_4-p_0.05.txt,0,20722600,0,0,0,0,0,0,20722900,0,0,4
./instances/synthetic/synth-n_90-m_269-k_15-p_0.05.txt,31,2380800,1797400,1234200,0,130100,540200,200,6430600,5,0,1
./instances/synthetic/synth-n_160-m_1648-k_30-p_0.1.txt,57634,49575200,108719881900,44835905000,6497769200,480859400,14704215000,88800,-1,23,0,0
./instances/synthetic/synth-n_180-m_1962-k_25-p_0.1.txt,44,66237800,115001800,75105600,9476800,1145200,20490300,200,289522600,21,0,0
./instances/synthetic/synth-n_160-m_2776-k_8-p_0.2.txt,1,51458500,17677900,706700,0,1157700,0,200,71528500,8,0,0
./instances/synthetic/synth-n_80-m_402-k_20-p_0.1.txt,5595,3851500,211202200,583501900,36390000,3793000,170144700,200,1078214600,11,0,1
./instances/synthetic/synth-n_250-m_3681-k_30-p_0.1.txt,7,195379700,268152100,25470100,0,1926700,11776900,200,504249800,30,0,0
./instances/synthetic/synth-n_70-m_645-k_20-p_0.2.txt,26574,15659900,11408133100,5949773500,687785500,64336000,2541998300,300,21656614600,11,0,0
./instances/synthetic/synth-n_30-m_117-k_10-p_0.2.txt,3,957400,464400,90200,0,112000,54900,200,1742900,5,0,1
./instances/synthetic/synth-n_80-m_636-k_4-p_0.2.txt,1,5764200,2176900,131300,0,255200,0,200,8430300,4,0,0
./instances/synthetic/synth-n_250-m_7048-k_20-p_0.2.txt,1,472872200,181721900,6190400,0,5878900,0,200,668252100,20,0,0
./instances/synthetic/synth-n_100-m_1220-k_15-p_0.2.txt,1,18816900,22591000,794200,0,531700,0,200,43131700,15,0,0
./instances/synthetic/synth-n_225-m_5212-k_6-p_0.2.txt,1,131589200,25996300,1235800,0,2871200,0,100,162928300,6,0,0
./instances/synthetic/synth-n_300-m_9694-k_15-p_0.2.txt,1,690905200,299528900,5897700,0,4842600,0,400,1003750700,15,0,0
./instances/synthetic/synth-n_70-m_167-k_20-p_0.05.txt,29,981500,957400,767000,0,71500,468500,100,3457200,7,0,0
./instances/synthetic/synth-n_90-m_188-k_2-p_0.05.txt,0,305800,0,0,0,0,0,0,305900,0,0,0
./instances/synthetic/synth-n_200-m_2096-k_2-p_0.1.txt,0,15594400,0,0,0,0,0,0,15594600,0,0,2
./instances/synthetic/synth-n_30-m_114-k_6-p_0.2.txt,3,791700,273200,79900,0,63900,29600,200,1275900,3,0,1
./instances/synthetic/synth-n_60-m_122-k_15-p_0.05.txt,2,735600,153000,58900,0,32400,31500,100,1030400,5,0,0
./instances/synthetic/synth-n_275-m_7607-k_2-p_0.2.txt,0,77792300,0,0,0,0,0,0,77792500,0,0,2
./instances/synthetic/synth-n_120-m_871-k_15-p_0.1.txt,72,11436400,45356800,28197600,2545300,644900,8234600,400,100529600,10,0,0
./instances/synthetic/synth-n_180-m_4031-k_30-p_0.2.txt,2,189833800,195146800,5584000,0,2315900,0,300,394189300,29,0,0
./instances/synthetic/synth-n_40-m_194-k_6-p_0.2.txt,1,1076600,512000,48600,0,87900,0,100,1762700,5,0,0
./instances/synthetic/synth-n_30-m_35-k_10-p_0.05.txt,0,85800,0,0,0,0,0,0,85800,0,0,0
./instances/synthetic/synth-n_225-m_2691-k_8-p_0.1.txt,2,69286000,19792500,1407800,0,1093100,0,200,92131000,7,0,0
./instances/synthetic/synth-n_200-m_1172-k_20-p_0.05.txt,88,31059600,52978800,16211100,3418200,980700,10437800,200,121973600,14,0,2
./instances/synthetic/synth-n_140-m_511-k_6-p_0.05.txt,0,3385200,0,0,0,0,0,0,3385300,0,0,6
./instances/synthetic/synth-n_120-m_432-k_20-p_0.05.txt,132,4484500,7948900,7267800,728600,291600,3556200,200,26004000,12,0,2
./instances/synthetic/synth-n_60-m_134-k_20-p_0.05.txt,0,738800,0,0,0,0,0,0,738900,0,0,5
./instances/synthetic/synth-n_225-m_5223-k_4-p_0.2.txt,1,96595800,17042400,1267600,0,3789600,0,200,119822300,4,0,0
./instances/synthetic/synth-n_70-m_180-k_25-p_0.05.txt,11,965000,421900,190500,0,53300,136000,200,1834600,6,0,1
./instances/synthetic/synth-n_250-m_3161-k_2-p_0.1.txt,0,30192900,0,0,0,0,0,0,30193200,0,0,2
./instances/synthetic/synth-n_90-m_870-k_4-p_0.2.txt,0,6927500,0,0,0,0,0,0,6927400,0,0,4
./instances/synthetic/synth-n_160-m_1412-k_8-p_0.1.txt,1,32672200,8011100,566400,0,621200,0,300,42196500,8,0,0
./instances/synthetic/synth-n_250-m_6557-k_10-p_0.2.txt,1,300164800,117960400,2942400,0,2953800,0,200,425491900,10,0,0
./instances/synthetic/synth-n_180-m_1958-k_15-p_0.1.txt,2,52757300,25087900,1446800,0,854600,0,200,80641700,13,0,1
./instances/synthetic/synth-n_50-m_91-k_6-p_0.05.txt,0,165000,0,0,0,0,0,0,165000,0,0,1
./instances/synthetic/synth-n_275-m_8461-k_30-p_0.2.txt,2,713045900,315930900,13951400,0,4292500,0,200,1050702000,29,0,0
./instances/synthetic/synth-n_60-m_243-k_25-p_0.1.txt,860,1902900,18361700,52632700,3326100,652400,17765100,100,101324400,11,0,0
./instances/synthetic/synth-n_200-m_1075-k_10-p_0.05.txt,3,15382500,3963600,265000,0,309700,0,200,20263000,7,0,1
./instances/synthetic/synth-n_120-m_1520-k_4-p_0.2.txt,1,12363700,3016700,155800,0,449600,0,400,16343100,3,0,1
./instances/synthetic/synth-n_50-m_302-k_6-p_0.2.txt,1,1736600,750900,84800,0,111900,0,100,2730300,5,0,1
./instances/synthetic/synth-n_225-m_5291-k_8-p_0.2.txt,1,163846200,56219100,1468500,0,2342300,0,300,225932800,8,0,0
./instances/synthetic/synth-n_90-m_216-k_4-p_0.05.txt,0,572500,0,0,0,0,0,0,572600,0,0,3
./instances/synthetic/synth-n_120-m_1829-k_30-p_0.2.txt,1469,43086100,1183245100,1882676500,237166700,24151200,480916600,100,3934445700,29,0,0
./instances/synthetic/synth-n_70-m_156-k_2-p_0.05.txt,0,194700,0,0,0,0,0,0,194700,0,0,0
./instances/synthetic/synth-n_300-m_2561-k_30-p_0.05.txt,4775,188953300,15719187700,6681916800,965678000,87357500,2205751900,200,26458004800,28,0,0
./instances/synthetic/synth-n_275-m_7982-k_10-p_0.2.txt,1,364085500,164783900,3389600,0,3673400,0,200,537599300,10,0,0
./instances/synthetic/synth-n_275-m_2220-k_30-p_0.05.txt,4628,125714300,5442615300,8899888000,918607800,106583100,2011939200,200,17847355100,19,0,0
./instances/synthetic/synth-n_180-m_3396-k_8-p_0.2.txt,1,78491200,25362300,981900,0,1394500,0,200,106830700,7,0,1
./instances/synthetic/synth-n_300-m_9050-k_4-p_0.2.txt,1,225164100,12413800,794100,0,3696000,0,200,244847700,3,0,1
./instances/synthetic/synth-n_200-m_2076-k_6-p_0.1.txt,0,39428900,0,0,0,0,0,0,39429100,0,0,6
./instances/synthetic/synth-n_60-m_196-k_4-p_0.1.txt,0,785400,0,0,0,0,0,0,785500,0,0,4
./instances/synthetic/synth-n_80-m_305-k_2-p_0.1.txt,0,689000,0,0,0,0,0,0,688900,0,0,1
./instances/synthetic/synth-n_40-m_62-k_10-p_0.05.txt,0,167300,0,0,0,0,0,0,167400,0,2,1
./instances/synthetic/synth-n_225-m_1484-k_25-p_0.05.txt,6191,38173900,3498384900,3317574900,446301300,45450000,966170300,200,8670294700,13,0,2
./instances/synthetic/synth-n_50-m_327-k_10-p_0.2.txt,13,2440300,3065700,835700,0,139000,410200,200,7072200,8,0,0
./instances/synthetic/synth-n_70-m_538-k_4-p_0.2.txt,1,3660800,1433800,116100,0,191400,0,100,5490500,4,0,0
./instances/synthetic/synth-n_80-m_170-k_4-p_0.05.txt,0,263700,0,0,0,0,0,0,263600,0,0,0
./instances/synthetic/synth-n_275-m_8114-k_15-p_0.2.txt,1,511143500,230983000,6386000,0,5009100,0,300,755983800,15,0,0
./instances/synthetic/synth-n_60-m_468-k_15-p_0.2.txt,184,6095200,47699700,35299100,2411300,385700,12460300,100,109341000,8,0,0
./instances/synthetic/synth-n_90-m_888-k_8-p_0.2.txt,2,9892800,4242500,571400,0,362500,0,200,15239700,7,0,0
./instances/synthetic/synth-n_70-m_135-k_8-p_0.05.txt,0,413500,0,0,0,0,0,0,413600,0,0,3
./instances/synthetic/synth-n_60-m_121-k_10-p_0.05.txt,0,330600,0,0,0,0,0,0,330800,0,0,3
./instances/synthetic/synth-n_300-m_10263-k_30-p_0.2.txt,5,1032673500,751646900,35532700,0,5541400,0,200,1829298200,26,0,0
./instances/synthetic/synth-n_50-m_139-k_4-p_0.1.txt,2,428700,8800,24500,0,21100,19000,0,513100,2,0,0
./instances/synthetic/synth-n_250-m_7157-k_25-p_0.2.txt,2,536823400,260774900,12817400,0,4370300,0,200,816724600,24,0,0
./instances/synthetic/synth-n_140-m_1070-k_10-p_0.1.txt,1,17360200,7834100,741100,0,751900,0,200,26884500,10,0,0
./instances/synthetic/synth-n_70-m_303-k_8-p_0.1.txt,7,1903500,1411600,370000,0,106700,244000,200,4088800,7,0,0
./instances/synthetic/synth-n_70-m_312-k_20-p_0.1.txt,8142,2872200,370026200,766267700,63120800,4753200,249882000,200,1552455200,9,0,1
./instances/synthetic/synth-n_250-m_1814-k_25-p_0.05.txt,2061,63547300,2687363400,952547900,141335800,20899000,406073100,200,4503331500,12,0,0
./instances/synthetic/synth-n_90-m_1019-k_15-p_0.2.txt,3,14796600,15646800,1270700,0,732400,0,200,32787400,13,0,0
./instances/synthetic/synth-n_60-m_386-k_4-p_0.2.txt,2,1904300,47300,69200,0,69200,70500,100,2195100,2,0,2
./instances/synthetic/synth-n_80-m_350-k_6-p_0.1.txt,1,2196500,297300,56800,0,82400,0,200,2669600,4,0,1
./instances/synthetic/synth-n_80-m_343-k_10-p_0.1.txt,6,2535800,1448100,285400,0,102900,78500,100,4565700,3,0,2
./instances/synthetic/synth-n_160-m_1523-k_20-p_0.1.txt,12,40235800,55345600,7234600,0,773200,3105500,200,108037900,17,0,0
./instances/synthetic/synth-n_160-m_3006-k_20-p_0.2.txt,3,121894100,80855400,6046100,0,3057500,0,200,212772300,18,0,0
./instances/synthetic/synth-n_225-m_5504-k_15-p_0.2.txt,1,257444100,114256800,2997000,0,2575300,0,200,378466200,15,0,0
./instances/synthetic/synth-n_275-m_7787-k_6-p_0.2.txt,1,276892700,74707600,1684400,0,3560000,0,200,358734600,6,0,0
./instances/synthetic/synth-n_300-m_5040-k_20-p_0.1.txt,1,331698400,140187500,4371100,0,2443600,0,200,480087900,20,0,0
./instances/synthetic/synth-n_225-m_2685-k_6-p_0.1.txt,1,59308700,19292700,495100,0,991700,0,100,80607500,5,0,1
./instances/synthetic/synth-n_300-m_4565-k_4-p_0.1.txt,1,88464800,3198000,396400,0,1483000,0,200,94178100,3,0,1
./instances/synthetic/synth-n_70-m_328-k_15-p_0.1.txt,118,3454100,9778300,9493800,1069300,327300,4843700,100,30854700,9,0,0
./instances/synthetic/synth-n_70-m_553-k_8-p_0.2.txt,2,5198600,1637300,93900,0,178400,0,200,7287000,5,0,2
./instances/synthetic/synth-n_140-m_1046-k_6-p_0.1.txt,0,8443100,0,0,0,0,0,0,8442900,0,0,6
./instances/synthetic/synth-n_80-m_222-k_30-p_0.05.txt,162,1704700,5113000,7462700,453600,197800,3474000,100,20156000,6,0,1
./instances/synthetic/synth-n_80-m_193-k_6-p_0.05.txt,0,575000,0,0,0,0,0,0,575000,0,0,4
./instances/synthetic/synth-n_60-m_114-k_6-p_0.05.txt,0,284500,0,0,0,0,0,0,284700,0,0,2
./instances/synthetic/synth-n_70-m_304-k_6-p_0.1.txt,2,1699900,856700,91100,0,86900,0,100,2801100,5,0,0
./instances/synthetic/synth-n_50-m_154-k_8-p_0.1.txt,1,636000,227400,31500,0,37200,0,100,950200,4,0,2
./instances/synthetic/synth-n_225-m_1517-k_30-p_0.05.txt,87766,49785600,97566163300,50273649900,5904947900,725447600,18433320000,30200,-1,14,0,0
./instances/synthetic/synth-n_300-m_9436-k_10-p_0.2.txt,1,463510800,242529500,3935000,0,4910200,0,200,716968200,10,0,0
./instances/synthetic/synth-n_250-m_6538-k_8-p_0.2.txt,1,224437400,167822600,2391800,0,4019200,0,200,400053300,8,0,0
./instances/synthetic/synth-n_160-m_693-k_6-p_0.05.txt,0,4397100,0,0,0,0,0,0,4397300,0,0,6
./instances/synthetic/synth-n_275-m_3808-k_2-p_0.1.txt,0,42056500,0,0,0,0,0,0,42056700,0,0,2
./instances/synthetic/synth-n_200-m_1115-k_15-p_0.05.txt,18,21851400,29243700,3259400,469700,511400,1484100,100,58593700,9,0,0
./instances/synthetic/synth-n_80-m_167-k_2-p_0.05.txt,0,263200,0,0,0,0,0,0,263300,0,0,0
./instances/synthetic/synth-n_120-m_1530-k_10-p_0.2.txt,1,26967700,8202700,643600,0,644300,0,200,36736500,10,0,0
./instances/synthetic/synth-n_180-m_3254-k_2-p_0.2.txt,0,24297400,0,0,0,0,0,0,24298000,0,0,2
./instances/synthetic/synth-n_120-m_368-k_2-p_0.05.txt,0,813200,0,0,0,0,0,0,813300,0,0,2
./instances/synthetic/synth-n_80-m_444-k_25-p_0.1.txt,173111,7102900,9712046900,21230898100,1529018000,105060800,7017864200,200,41948161000,11,0,0
./instances/synthetic/synth-n_100-m_542-k_4-p_0.1.txt,0,2898500,0,0,0,0,0,0,2898500,0,0,4
./instances/synthetic/synth-n_70-m_591-k_6-p_0.2.txt,1,4392600,1498500,294200,0,220800,0,100,6500600,5,0,1
./instances/synthetic/synth-n_180-m_895-k_20-p_0.05.txt,17,15893800,19452700,2262800,0,363800,1088600,200,40257500,13,0,4
./instances/synthetic/synth-n_225-m_2964-k_30-p_0.1.txt,169,153274400,1008633900,385648000,16245700,6217800,120672700,200,1711355100,26,0,0
./instances/synthetic/synth-n_90-m_486-k_6-p_0.1.txt,2,2885200,1119900,102200,0,122500,0,200,4328300,4,0,1
./instances/synthetic/synth-n_40-m_192-k_15-p_0.2.txt,16,1322200,1493100,677500,0,144800,388800,200,4257000,11,0,0
./instances/synthetic/synth-n_180-m_902-k_10-p_0.05.txt,1,13681900,1026500,217400,0,242400,0,200,15262800,7,0,3
./instances/synthetic/synth-n_200-m_4411-k_15-p_0.2.txt,1,181293000,52606100,2787800,0,2494300,0,200,240133800,15,0,0
./instances/synthetic/synth-n_20-m_58-k_4-p_0.2.txt,4,248900,86200,26300,0,21200,16500,100,422800,3,0,0
./instances/synthetic/synth-n_250-m_3436-k_15-p_0.1.txt,1,203807700,59862900,1997200,0,1551500,0,400,268519800,14,0,1
./instances/synthetic/synth-n_250-m_3124-k_4-p_0.1.txt,0,67740000,0,0,0,0,0,0,67740200,0,0,4
./instances/synthetic/synth-n_20-m_25-k_8-p_0.1.txt,0,93000,0,0,0,0,0,0,93000,0,1,1
./instances/synthetic/synth-n_100-m_1235-k_20-p_0.2.txt,71,24162800,149760900,42894700,1242700,756800,17031900,200,241098100,16,0,0
./instances/synthetic/synth-n_140-m_1028-k_2-p_0.1.txt,0,3224400,0,0,0,0,0,0,3224500,0,0,2
./instances/synthetic/synth-n_140-m_508-k_2-p_0.05.txt,0,692500,0,0,0,0,0,0,692500,0,0,2
./instances/synthetic/synth-n_100-m_275-k_10-p_0.05.txt,3,772900,144800,33900,0,25300,23000,200,1023900,3,0,2
./instances/synthetic/synth-n_200-m_2356-k_25-p_0.1.txt,131,88259400,584733100,206923200,33183300,1483900,52406400,100,981729800,13,0,0
./instances/synthetic/synth-n_225-m_1385-k_8-p_0.05.txt,0,22901400,0,0,0,0,0,0,22901600,0,0,8
./instances/synthetic/synth-n_120-m_1738-k_15-p_0.2.txt,2,33635000,15755200,1200100,0,779500,265000,100,51783400,15,0,0
./instances/synthetic/synth-n_80-m_189-k_15-p_0.05.txt,0,668500,0,0,0,0,0,0,668500,0,0,6
./instances/synthetic/synth-n_10-m_12-k_2-p_0.2.txt,0,36700,0,0,0,0,0,0,36700,0,0,0
./instances/synthetic/synth-n_50-m_334-k_8-p_0.2.txt,1,1795700,823600,67200,0,116600,0,100,2851200,6,0,2
./instances/synthetic/synth-n_70-m_125-k_4-p_0.05.txt,0,209800,0,0,0,0,0,0,209900,0,0,0
./instances/synthetic/synth-n_100-m_1231-k_25-p_0.2.txt,1097,23440200,554409700,780116400,76927800,10571700,213456400,100,1703791600,20,0,0
./instances/synthetic/synth-n_120-m_828-k_8-p_0.1.txt,1,9088300,3787700,233000,0,301600,0,200,13524600,7,0,1
./instances/synthetic/synth-n_200-m_4270-k_8-p_0.2.txt,1,119468100,37974600,1477100,0,2161400,0,200,161949300,8,0,0
./instances/synthetic/synth-n_300-m_9999-k_25-p_0.2.txt,1,903184600,483127200,9129800,0,7815000,0,400,1406960400,25,0,0
./instances/synthetic/synth-n_180-m_827-k_6-p_0.05.txt,0,14749600,0,0,0,0,0,0,14749800,0,0,6
./instances/synthetic/synth-n_100-m_546-k_8-p_0.1.txt,2,5211900,1319500,129000,0,210400,0,800,7026800,4,0,3
./instances/synthetic/synth-n_70-m_156-k_10-p_0.05.txt,0,1003300,0,0,0,0,0,0,1003400,0,0,4
./instances/synthetic/synth-n_100-m_1107-k_6-p_0.2.txt,2,10120800,1036500,221300,0,361200,145600,200,12038200,4,0,2
./instances/synthetic/synth-n_160-m_2720-k_10-p_0.2.txt,1,60637100,26301700,1082400,0,1137500,0,200,89713200,10,0,0
./instances/synthetic/synth-n_120-m_1600-k_8-p_0.2.txt,2,24765100,6888000,725800,0,704100,0,200,33526500,7,0,0
./instances/synthetic/synth-n_275-m_8453-k_25-p_0.2.txt,2,656350600,363040500,23868500,0,4090100,0,200,1050171500,24,0,0
./instances/synthetic/synth-n_100-m_1129-k_10-p_0.2.txt,3,17143700,8818000,1018600,0,498700,0,200,27743900,8,0,0
./instances/synthetic/synth-n_90-m_273-k_25-p_0.05.txt,274,2150800,8926600,16724700,1435300,277000,5903100,100,38000100,7,0,0
./instances/synthetic/synth-n_140-m_625-k_25-p_0.05.txt,15496,9491400,1260761400,1963114900,212046400,26321400,754410700,100,4493522400,9,0,0
./instances/synthetic/synth-n_40-m_192-k_10-p_0.2.txt,8,1867000,1239000,457900,0,100400,196200,100,3986600,9,0,0
./instances/synthetic/synth-n_250-m_6493-k_6-p_0.2.txt,0,221702100,0,0,0,0,0,0,221702300,0,0,6
./instances/synthetic/synth-n_180-m_1683-k_6-p_0.1.txt,1,29934200,2768900,203800,0,592200,0,200,33718700,4,0,2
./instances/synthetic/synth-n_80-m_400-k_15-p_0.1.txt,226,4303700,24248000,19507300,1150300,368500,9425800,100,63014900,9,0,0
./instances/synthetic/synth-n_140-m_2080-k_6-p_0.2.txt,1,38075600,15128100,771700,0,1256200,0,400,55753200,6,0,0
./instances/synthetic/synth-n_300-m_4553-k_2-p_0.1.txt,0,60968700,0,0,0,0,0,0,60969000,0,0,2
./instances/synthetic/synth-n_160-m_1595-k_25-p_0.1.txt,13533,48443000,32986905100,8588079100,1219347900,93666900,3422847000,200,47826342000,24,0,0
./instances/synthetic/synth-n_180-m_3812-k_25-p_0.2.txt,3,153948800,144133900,6651200,0,1777900,0,300,307777500,23,0,0
./instances/synthetic/synth-n_70-m_494-k_2-p_0.2.txt,0,1596900,0,0,0,0,0,0,1597100,0,0,2
./instances/synthetic/synth-n_225-m_5734-k_20-p_0.2.txt,1,323539500,200048600,4892200,0,2699800,0,200,533483100,20,0,0
./instances/synthetic/synth-n_100-m_1374-k_30-p_0.2.txt,111034,27943900,68950260400,76592859000,7062604700,917513500,21438373900,50000,-1,24,0,0
./instances/synthetic/synth-n_70-m_626-k_15-p_0.2.txt,122,6945300,78129300,25537000,4079700,498300,13719900,100,135997900,9,0,0
./instances/synthetic/synth-n_200-m_2119-k_8-p_0.1.txt,1,44659400,4813600,409500,0,743300,0,200,51181500,6,0,2
./instances/synthetic/synth-n_120-m_455-k_15-p_0.05.txt,18,3264700,3202100,1173200,0,157000,667300,100,8823600,7,0,0
./instances/synthetic/synth-n_180-m_804-k_2-p_0.05.txt,0,1486400,0,0,0,0,0,0,1486500,0,0,2
./instances/synthetic/synth-n_80-m_753-k_10-p_0.2.txt,4,7893500,4110900,386000,0,268600,0,200,12950700,6,0,1
./instances/synthetic/synth-n_20-m_38-k_6-p_0.1.txt,0,111100,0,0,0,0,0,0,111300,0,0,2
./instances/synthetic/synth-n_300-m_2429-k_8-p_0.05.txt,1,85257000,18988700,490100,0,791800,0,200,105857500,6,0,2
./instances/synthetic/synth-n_140-m_547-k_10-p_0.05.txt,0,3916600,0,0,0,0,0,0,3916600,0,0,8
./instances/synthetic/synth-n_225-m_2681-k_10-p_0.1.txt,2,79821400,29820600,1238600,0,1162500,0,200,113210300,9,0,0
./instances/synthetic/synth-n_80-m_780-k_20-p_0.2.txt,2304,16507900,644711900,890471000,96418800,13981800,233599200,100,1968320500,15,0,0
./instances/synthetic/synth-n_50-m_159-k_10-p_0.1.txt,19,1147600,986100,343800,95400,68900,223300,100,2990000,7,0,0
./instances/synthetic/synth-n_120-m_391-k_6-p_0.05.txt,2,3847100,632800,120100,0,135900,24300,200,4779600,4,0,1
./instances/synthetic/synth-n_90-m_214-k_8-p_0.05.txt,5,1088000,54000,38000,0,20300,42700,300,1272300,2,0,4
./instances/synthetic/synth-n_80-m_186-k_8-p_0.05.txt,0,904000,0,0,0,0,0,0,904200,0,0,3
./instances/synthetic/synth-n_200-m_4629-k_25-p_0.2.txt,2,239859900,141298600,7217800,0,2159500,0,300,391889100,24,0,0
./instances/synthetic/synth-n_120-m_788-k_6-p_0.1.txt,0,6746200,0,0,0,0,0,0,6746300,0,0,6
./instances/synthetic/synth-n_200-m_1151-k_25-p_0.05.txt,54443,24506900,13489155100,22118701400,2716090300,244272200,6092303200,100,46766083900,14,0,0
./instances/synthetic/synth-n_80-m_818-k_15-p_0.2.txt,4,10111800,16662000,1297000,0,370000,281300,200,29022700,13,0,0
./instances/synthetic/synth-n_90-m_239-k_6-p_0.05.txt,0,651800,0,0,0,0,0,0,652000,0,0,4
./instances/synthetic/synth-n_300-m_2480-k_20-p_0.05.txt,2,107274900,66320400,2230300,0,1741100,0,600,178785400,17,0,2
./instances/synthetic/synth-n_40-m_112-k_8-p_0.1.txt,1,404700,29100,16200,0,19900,0,100,480700,3,2,1
./instances/synthetic/synth-n_90-m_1018-k_20-p_0.2.txt,247,18644900,235339600,105343800,11318500,1685700,40841600,300,426925500,18,0,0
./instances/synthetic/synth-n_250-m_1710-k_15-p_0.05.txt,10,44010200,55932400,3635000,0,687100,245400,100,106336500,7,0,0
./instances/synthetic/synth-n_80-m_169-k_10-p_0.05.txt,0,655300,0,0,0,0,0,0,655300,0,0,6
./instances/synthetic/synth-n_30-m_64-k_8-p_0.1.txt,0,199400,0,0,0,0,0,0,199500,0,1,2
./instances/synthetic/synth-n_275-m_2122-k_15-p_0.05.txt,3,72699700,77004100,2356500,0,927900,0,100,153961400,13,0,0
./instances/synthetic/synth-n_225-m_2732-k_4-p_0.1.txt,0,43639300,0,0,0,0,0,0,43639700,0,0,4
./instances/synthetic/synth-n_140-m_542-k_15-p_0.05.txt,65,4719200,5651000,3932500,372400,195800,1791000,200,17544700,5,0,2
./instances/synthetic/synth-n_30-m_60-k_2-p_0.1.txt,0,101200,0,0,0,0,0,0,101200,0,0,1
./instances/synthetic/synth-n_20-m_9-k_8-p_0.05.txt,0,35000,0,0,0,0,0,0,35000,0,0,0
./instances/synthetic/synth-n_180-m_1717-k_8-p_0.1.txt,0,29672800,0,0,0,0,0,0,29672900,0,0,8
./instances/synthetic/synth-n_250-m_3475-k_20-p_0.1.txt,6,201598900,190335100,10463700,0,3141800,0,100,407278700,15,0,0
./instances/synthetic/synth-n_250-m_3199-k_8-p_0.1.txt,1,90693800,14002500,758300,0,1072600,0,100,107021400,5,0,3
./instances/synthetic/synth-n_60-m_126-k_8-p_0.05.txt,0,517400,0,0,0,0,0,0,517600,0,0,4
./instances/synthetic/synth-n_140-m_1225-k_25-p_0.1.txt,5272,28970300,1631022600,4120060800,480427700,56587000,989913100,200,7514168400,23,0,0
./instances/synthetic/synth-n_225-m_1352-k_6-p_0.05.txt,0,21173100,0,0,0,0,0,0,21173300,0,0,6
./instances/synthetic/synth-n_140-m_1284-k_30-p_0.1.txt,119286,36014700,47655854600,94598800300,9965451400,1162369200,21668125800,82900,-1,20,0,0
./instances/synthetic/synth-n_90-m_450-k_2-p_0.1.txt,0,1176900,0,0,0,0,0,0,1177100,0,0,2
./instances/synthetic/synth-n_30-m_111-k_8-p_0.2.txt,0,606400,0,0,0,0,0,0,606700,0,2,5
./instances/synthetic/synth-n_100-m_305-k_20-p_0.05.txt,87,2561400,3110800,5145300,220200,148900,1717400,100,13615600,7,0,0
./instances/synthetic/synth-n_120-m_921-k_25-p_0.1.txt,159923,15757700,99820492300,46358128100,5614206100,555396900,18851520000,39000,-1,11,0,0
./instances/synthetic/synth-n_70-m_258-k_2-p_0.1.txt,0,543100,0,0,0,0,0,0,543300,0,0,2
./instances/synthetic/synth-n_300-m_8966-k_2-p_0.2.txt,0,128328700,0,0,0,0,0,0,128328900,0,0,2
./instances/synthetic/synth-n_20-m_25-k_2-p_0.1.txt,0,75100,0,0,0,0,0,0,75100,0,0,1
./instances/synthetic/synth-n_80-m_369-k_8-p_0.1.txt,0,2265900,0,0,0,0,0,0,2266100,0,0,7
./instances/synthetic/synth-n_160-m_641-k_2-p_0.05.txt,0,1132700,0,0,0,0,0,0,1132800,0,0,2
./instances/synthetic/synth-n_90-m_855-k_6-p_0.2.txt,0,7988500,0,0,0,0,0,0,7988700,0,0,6
./instances/synthetic/synth-n_140-m_2299-k_20-p_0.2.txt,2,62340000,37109600,2336600,0,1454200,0,200,103794000,19,0,0
./instances/synthetic/synth-n_120-m_950-k_20-p_0.1.txt,2943,16503900,1515217700,762904800,99071100,11325300,377055000,200,2959799500,8,0,0
./instances/synthetic/synth-n_275-m_8401-k_20-p_0.2.txt,1,609884000,288614100,6044400,0,4295500,0,200,911059000,20,0,0
./instances/synthetic/synth-n_100-m_568-k_10-p_0.1.txt,1,8461600,5132000,428100,0,359400,0,200,14483600,10,0,0
./instances/synthetic/synth-n_50-m_357-k_20-p_0.2.txt,39112,3099700,2102953100,3602172700,277139800,27884600,1258945500,200,7696449900,17,0,0
./instances/synthetic/synth-n_160-m_1346-k_6-p_0.1.txt,0,20667500,0,0,0,0,0,0,20667800,0,0,6
./instances/synthetic/synth-n_90-m_470-k_8-p_0.1.txt,1,5951700,1572600,149400,0,165500,0,300,7936100,6,0,2
./instances/synthetic/synth-n_40-m_176-k_2-p_0.2.txt,0,350500,0,0,0,0,0,0,350600,0,0,2
./instances/synthetic/synth-n_80-m_700-k_8-p_0.2.txt,1,7436000,3062100,307700,0,1178900,0,200,12106700,8,0,0
./instances/synthetic/synth-n_50-m_278-k_4-p_0.2.txt,1,1364400,88400,41300,0,97400,0,200,1622600,3,0,1
./instances/synthetic/synth-n_250-m_3249-k_6-p_0.1.txt,0,82096100,0,0,0,0,0,0,82096200,0,0,6
./instances/synthetic/synth-n_250-m_1512-k_2-p_0.05.txt,0,4062100,0,0,0,0,0,0,4062300,0,0,2
./instances/synthetic/synth-n_70-m_159-k_15-p_0.05.txt,0,608900,0,0,0,0,0,0,609100,0,0,4
./instances/synthetic/synth-n_50-m_66-k_2-p_0.05.txt,0,124800,0,0,0,0,0,0,124800,0,0,1
./instances/synthetic/synth-n_70-m_157-k_6-p_0.05.txt,0,439900,0,0,0,0,0,0,440100,0,0,4
./instances/synthetic/synth-n_50-m_139-k_2-p_0.1.txt,0,260900,0,0,0,0,0,0,260900,0,0,2
./instances/synthetic/synth-n_140-m_2149-k_8-p_0.2.txt,1,47911100,15848500,2087100,0,2722800,0,200,69055300,8,0,0
./instances/synthetic/synth-n_180-m_2037-k_30-p_0.1.txt,29960,96799000,117336393300,38691096000,6573614600,373118800,13279038000,26600,-1,20,0,0
./instances/synthetic/synth-n_100-m_1028-k_4-p_0.2.txt,1,7783300,1568500,129700,0,311700,0,200,9929600,4,0,0
./instances/synthetic/synth-n_100-m_596-k_15-p_0.1.txt,112,6710100,26199900,20096400,1440700,630100,7977000,200,66277300,12,0,0
./instances/synthetic/synth-n_200-m_4765-k_30-p_0.2.txt,3,252086100,273168700,11337200,0,2191500,0,200,541369000,28,0,0
./instances/synthetic/synth-n_275-m_4227-k_15-p_0.1.txt,1,241510800,76706300,2863700,0,1973300,0,400,325027800,14,0,1
./instances/synthetic/synth-n_90-m_980-k_10-p_0.2.txt,1,12726900,7606800,799800,0,712100,0,200,22041700,10,0,0
./instances/synthetic/synth-n_90-m_248-k_10-p_0.05.txt,3,983000,63700,30100,0,18900,23100,100,1129500,4,0,3
./instances/synthetic/synth-n_250-m_6262-k_2-p_0.2.txt,0,47244300,0,0,0,0,0,0,47244500,0,0,2
./instances/synthetic/synth-n_140-m_1056-k_8-p_0.1.txt,1,17410500,1655100,233000,0,503300,0,300,19983600,4,0,4
./instances/synthetic/synth-n_20-m_59-k_6-p_0.2.txt,0,174200,0,0,0,0,0,0,174300,0,1,2
./instances/synthetic/synth-n_300-m_9819-k_20-p_0.2.txt,1,807537100,435695100,7813800,0,5043300,0,200,1258828600,20,0,0
./instances/synthetic/synth-n_120-m_372-k_4-p_0.05.txt,0,1516200,0,0,0,0,0,0,1516300,0,0,4
./instances/synthetic/synth-n_100-m_346-k_30-p_0.05.txt,47123,5530900,1131699000,3883921600,129312900,27530500,1168398500,300,6830446000,12,0,0
./instances/synthetic/synth-n_50-m_81-k_10-p_0.05.txt,0,193200,0,0,0,0,0,0,193200,0,2,1
./instances/synthetic/synth-n_30-m_55-k_4-p_0.1.txt,0,139300,0,0,0,0,0,0,139400,0,0,2
./instances/synthetic/synth-n_60-m_207-k_8-p_0.1.txt,20,1542100,785900,654000,0,84400,461500,100,3736500,4,0,2
./instances/synthetic/synth-n_120-m_791-k_2-p_0.1.txt,0,2058300,0,0,0,0,0,0,2058500,0,0,2
./instances/synthetic/synth-n_225-m_2816-k_15-p_0.1.txt,7,124283400,60948900,3973300,0,1938200,0,200,192235800,8,0,1
./instances/synthetic/synth-n_300-m_4664-k_6-p_0.1.txt,0,148594200,0,0,0,0,0,0,148594600,0,0,6
./instances/synthetic/synth-n_40-m_95-k_6-p_0.1.txt,0,301700,0,0,0,0,0,0,301700,0,1,3
./instances/synthetic/synth-n_90-m_445-k_10-p_0.1.txt,4,3754600,797000,155900,0,91500,87200,100,4951200,5,0,4
./instances/synthetic/synth-n_100-m_344-k_25-p_0.05.txt,23,3375300,5051800,2446400,566300,212900,1307800,100,13532600,10,0,0
./instances/synthetic/synth-n_275-m_1895-k_2-p_0.05.txt,0,13680500,0,0,0,0,0,0,13680600,0,0,2
./instances/synthetic/synth-n_100-m_277-k_8-p_0.05.txt,0,867300,0,0,0,0,0,0,867300,0,0,4
./instances/synthetic/synth-n_275-m_2025-k_6-p_0.05.txt,0,44596100,0,0,0,0,0,0,44595900,0,0,6
./instances/synthetic/synth-n_250-m_3612-k_25-p_0.1.txt,6,198779400,287962900,8051500,0,2129300,0,200,499322500,20,0,0
./instances/synthetic/synth-n_40-m_185-k_4-p_0.2.txt,1,750100,130300,47500,0,60800,0,200,1012500,4,0,0
./instances/synthetic/synth-n_250-m_3387-k_10-p_0.1.txt,1,148833700,42744800,1264200,0,1528900,0,200,195099000,10,0,0
./instances/synthetic/synth-n_90-m_1054-k_25-p_0.2.txt,2517,24267500,250539400,1709093400,198340400,23380600,410360600,200,2683193000,19,0,0
./instances/synthetic/synth-n_140-m_1184-k_15-p_0.1.txt,7,21743600,25347800,1670400,0,540300,809200,100,50892500,12,0,1
./instances/synthetic/synth-n_225-m_2884-k_25-p_0.1.txt,22,155136500,267390100,47636100,20433200,1505600,13333200,300,509925000,22,0,0
./instances/synthetic/synth-n_225-m_5365-k_10-p_0.2.txt,1,187010500,60931600,3198300,0,2691600,0,300,255741400,10,0,0
./instances/synthetic/synth-n_160-m_2910-k_15-p_0.2.txt,1,107053400,45792200,1715800,0,1355200,0,200,156554500,15,0,0
./instances/synthetic/synth-n_275-m_2019-k_8-p_0.05.txt,1,46479200,3597100,190500,0,437400,0,100,50850000,4,0,4
./instances/synthetic/synth-n_10-m_12-k_4-p_0.2.txt,0,67600,0,0,0,0,0,0,68200,0,0,1
./instances/synthetic/synth-n_200-m_2075-k_10-p_0.1.txt,1,59767000,22173000,1572100,0,899800,0,300,85174200,9,0,1
./instances/synthetic/synth-n_40-m_88-k_4-p_0.1.txt,0,451900,0,0,0,0,0,0,452200,0,1,2
./instances/synthetic/synth-n_60-m_442-k_6-p_0.2.txt,2,2982200,1643900,253900,0,175000,0,300,5214800,5,0,0
./instances/synthetic/synth-n_140-m_632-k_20-p_0.05.txt,700,7981300,80345900,95476900,10032500,1432100,33490300,100,245384800,12,0,1
./instances/synthetic/synth-n_275-m_3928-k_8-p_0.1.txt,0,142696200,0,0,0,0,0,0,142696500,0,0,8
./instances/synthetic/synth-n_100-m_1009-k_2-p_0.2.txt,0,2626700,0,0,0,0,0,0,2626800,0,0,2
./instances/synthetic/synth-n_70-m_560-k_10-p_0.2.txt,4,5429600,6159800,584500,0,245100,0,100,12665800,7,0,0
./instances/synthetic/synth-n_60-m_437-k_10-p_0.2.txt,8,5616400,4687200,610900,0,197700,189900,200,11493500,7,0,0
./instances/synthetic/synth-n_180-m_3690-k_20-p_0.2.txt,1,154476900,83313100,3971700,0,3336100,0,100,245903700,20,0,0
./instances/synthetic/synth-n_250-m_1575-k_6-p_0.05.txt,0,17270400,0,0,0,0,0,0,17270800,0,0,6
./instances/synthetic/synth-n_160-m_743-k_20-p_0.05.txt,255,12784100,47224700,44543300,5660600,1411400,13941300,200,132256100,8,0,1
./instances/synthetic/synth-n_200-m_4591-k_20-p_0.2.txt,1,236829800,110693000,3762300,0,2098500,0,200,354415900,20,0,0
./instances/synthetic/synth-n_180-m_1738-k_10-p_0.1.txt,1,37718600,15016400,662200,0,737100,0,200,54478100,10,0,0
./instances/synthetic/synth-n_180-m_855-k_15-p_0.05.txt,4,11505800,4147400,299200,0,208300,129500,200,16597400,9,0,4
./instances/synthetic/synth-n_70-m_308-k_10-p_0.1.txt,15,2068300,2417600,605400,0,126000,75900,200,5678800,6,0,0
./instances/synthetic/synth-n_160-m_1324-k_2-p_0.1.txt,0,7817900,0,0,0,0,0,0,7818000,0,0,2
./instances/synthetic/synth-n_80-m_690-k_6-p_0.2.txt,2,6251600,3269900,420700,0,274400,0,300,10441500,5,0,0
./instances/synthetic/synth-n_300-m_9125-k_6-p_0.2.txt,1,300742300,65581200,2380600,0,4618900,0,200,375385700,6,0,0
./instances/synthetic/synth-n_275-m_4276-k_20-p_0.1.txt,2,259969500,125617700,6018300,0,2810700,0,200,395793200,19,0,0
./instances/synthetic/synth-n_225-m_1274-k_4-p_0.05.txt,0,8000900,0,0,0,0,0,0,8001100,0,0,4
./instances/synthetic/synth-n_50-m_195-k_15-p_0.1.txt,2,1036400,617700,96500,0,67600,33300,200,1880600,7,1,0
./instances/synthetic/synth-n_30-m_99-k_4-p_0.2.txt,0,149800,0,0,0,0,0,0,149800,0,2,1
./instances/synthetic/synth-n_160-m_2577-k_2-p_0.2.txt,0,18715600,0,0,0,0,0,0,18715800,0,0,2
./instances/synthetic/synth-n_160-m_1318-k_4-p_0.1.txt,0,8600600,0,0,0,0,0,0,8600800,0,0,4
./instances/synthetic/synth-n_100-m_565-k_6-p_0.1.txt,0,4439900,0,0,0,0,0,0,4440000,0,0,6
./instances/synthetic/synth-n_225-m_5936-k_30-p_0.2.txt,1,390149300,198354400,6269100,0,2972600,0,200,599169400,30,0,0
./instances/synthetic/synth-n_160-m_2705-k_6-p_0.2.txt,1,47606700,9331600,783100,0,1264900,0,200,59503700,6,0,0
./instances/synthetic/synth-n_180-m_881-k_4-p_0.05.txt,0,2446300,0,0,0,0,0,0,2446500,0,0,4
./instances/synthetic/synth-n_160-m_683-k_8-p_0.05.txt,2,3345000,978600,71600,0,120500,0,300,4617200,4,0,1
./instances/synthetic/synth-n_30-m_58-k_6-p_0.1.txt,0,165900,0,0,0,0,0,0,165900,0,0,2
./instances/synthetic/synth-n_100-m_491-k_2-p_0.1.txt,0,1165100,0,0,0,0,0,0,1165300,0,0,2
./instances/synthetic/synth-n_275-m_3928-k_10-p_0.1.txt,1,153734000,29428100,409600,0,1204100,0,200,185302800,4,0,6
./instances/synthetic/synth-n_120-m_482-k_25-p_0.05.txt,13152,5545200,584861200,1414574400,69715700,12250400,440934300,100,2705781800,9,0,0
./instances/synthetic/synth-n_300-m_2479-k_15-p_0.05.txt,2,96423600,60192300,1295900,0,1099800,0,200,160247400,12,0,2
./instances/synthetic/synth-n_180-m_867-k_8-p_0.05.txt,0,8306700,0,0,0,0,0,0,8306800,0,0,8
./instances/synthetic/synth-n_300-m_9325-k_8-p_0.2.txt,1,384907500,161656600,3485800,0,4418300,0,200,556746400,8,0,0
./instances/synthetic/synth-n_120-m_1775-k_20-p_0.2.txt,2,38864000,40197000,1996000,0,797300,0,200,82330000,19,0,0
./instances/synthetic/synth-n_30-m_97-k_2-p_0.2.txt,0,168900,0,0,0,0,0,0,169000,0,1,1
./instances/synthetic/synth-n_275-m_7718-k_8-p_0.2.txt,1,326251100,156065800,2515400,0,4018300,0,200,490666700,8,0,0
./instances/synthetic/synth-n_225-m_5854-k_25-p_0.2.txt,2,371915400,239010700,9450100,0,2820700,0,300,624819600,24,0,0
./instances/synthetic/synth-n_200-m_1096-k_6-p_0.05.txt,0,8432700,0,0,0,0,0,0,8432900,0,0,6
./instances/synthetic/synth-n_50-m_192-k_20-p_0.1.txt,88,1852500,3034400,4149800,675700,140100,2044800,100,12647800,8,0,0
./instances/synthetic/synth-n_250-m_7252-k_30-p_0.2.txt,3,534730000,372719200,14737500,0,3504700,0,200,927967400,28,0,0
./instances/synthetic/synth-n_60-m_110-k_2-p_0.05.txt,0,209100,0,0,0,0,0,0,209200,0,0,1
./instances/synthetic/synth-n_50-m_71-k_8-p_0.05.txt,0,247500,0,0,0,0,0,0,247700,0,1,1
./instances/synthetic/synth-n_60-m_124-k_25-p_0.05.txt,3,941100,297100,94400,0,51600,86500,300,1669600,5,0,1
./instances/synthetic/synth-n_120-m_1485-k_6-p_0.2.txt,2,16084900,4209900,472100,0,623700,0,200,21650200,5,0,0
./instances/synthetic/synth-n_40-m_92-k_2-p_0.1.txt,0,218200,0,0,0,0,0,0,218200,0,1,1
./instances/synthetic/synth-n_50-m_275-k_2-p_0.2.txt,0,439100,0,0,0,0,0,0,439300,0,1,1
./instances/synthetic/synth-n_40-m_114-k_15-p_0.1.txt,0,621300,0,0,0,0,0,0,621400,0,0,6
./instances/synthetic/synth-n_80-m_226-k_25-p_0.05.txt,5,1782200,508300,116900,0,55600,25800,200,2588100,3,0,2
./instances/synthetic/synth-n_225-m_1470-k_20-p_0.05.txt,163,44786300,154227900,74533100,13517200,2722000,31037400,100,336116900,13,0,0
./instances/synthetic/synth-n_140-m_2205-k_15-p_0.2.txt,3,50464800,32121000,3181600,0,995900,0,200,87333800,13,0,0
./instances/synthetic/synth-n_180-m_3631-k_15-p_0.2.txt,1,125094400,58071500,2649400,0,2203400,0,100,188905000,15,0,0
./instances/synthetic/synth-n_60-m_226-k_15-p_0.1.txt,66,1521700,3702500,3147400,154200,124500,1300000,200,10582700,5,0,1
./instances/synthetic/synth-n_300-m_2495-k_25-p_0.05.txt,166,110018900,825423900,142916400,55394700,4294300,48101400,100,1220827800,14,0,0
./instances/synthetic/synth-n_60-m_428-k_8-p_0.2.txt,2,4638700,2561400,356200,0,207900,0,100,7876900,7,0,0
./instances/synthetic/synth-n_50-m_169-k_6-p_0.1.txt,0,550100,0,0,0,0,0,0,550200,0,1,5
./instances/synthetic/synth-n_160-m_1409-k_10-p_0.1.txt,2,25868100,12696600,745300,0,525900,0,300,40185000,8,0,1
./instances/synthetic/synth-n_70-m_191-k_30-p_0.05.txt,8,1067600,128300,84300,0,25900,56400,200,1397200,3,0,6
./instances/synthetic/synth-n_40-m_61-k_8-p_0.05.txt,0,133600,0,0,0,0,0,0,133800,0,0,1
./instances/synthetic/synth-n_120-m_395-k_8-p_0.05.txt,0,2233000,0,0,0,0,0,0,2233300,0,0,7
./instances/synthetic/synth-n_100-m_262-k_6-p_0.05.txt,0,963300,0,0,0,0,0,0,963300,0,0,5
./instances/synthetic/synth-n_275-m_1958-k_4-p_0.05.txt,0,29501100,0,0,0,0,0,0,29501500,0,0,4
./instances/synthetic/synth-n_140-m_531-k_8-p_0.05.txt,0,2167700,0,0,0,0,0,0,2167900,0,0,7
./instances/synthetic/synth-n_80-m_214-k_20-p_0.05.txt,31,1405800,1526100,1538400,151300,100900,627700,200,5622400,5,0,1
./instances/synthetic/synth-n_275-m_7697-k_4-p_0.2.txt,1,189669000,40157000,834500,0,3388100,0,200,236363900,4,0,0
./instances/synthetic/synth-n_140-m_2379-k_25-p_0.2.txt,1,65514500,77429100,2224700,0,1221600,0,100,146805400,25,0,0
./instances/synthetic/synth-n_300-m_5040-k_25-p_0.1.txt,1,356501300,132914800,7184300,0,2735700,0,100,500469400,25,0,0
./instances/synthetic/synth-n_200-m_2088-k_4-p_0.1.txt,0,28042200,0,0,0,0,0,0,28042400,0,0,4
./instances/synthetic/synth-n_30-m_28-k_6-p_0.05.txt,0,87600,0,0,0,0,0,0,87600,0,0,1
./instances/synthetic/synth-n_180-m_1658-k_2-p_0.1.txt,0,12968600,0,0,0,0,0,0,12968800,0,0,2
./instances/synthetic/synth-n_100-m_319-k_15-p_0.05.txt,31,2784800,876800,561300,0,105500,414300,200,5044700,4,0,3
./instances/synthetic/synth-n_60-m_380-k_2-p_0.2.txt,0,902900,0,0,0,0,0,0,903000,0,0,2
./instances/synthetic/synth-n_100-m_282-k_2-p_0.05.txt,0,495000,0,0,0,0,0,0,495100,0,0,2
./instances/synthetic/synth-n_90-m_863-k_2-p_0.2.txt,0,3826500,0,0,0,0,0,0,3826700,0,0,2
./instances/synthetic3/synth-n_150-m_2502-k_15-p_0.2.txt,9,62891800,57538800,4492500,0,1108000,0,100,127285300,7,0,0
./instances/synthetic3/synth-n_250-m_6880-k_15-p_0.2.txt,1,380733600,160119500,3806400,0,3232500,0,400,550349300,15,0,0
./instances/synthetic3/synth-n_150-m_1423-k_30-p_0.1.txt,76271,45366600,90014097800,60066172600,7330852100,649273100,17169389100,12500,-1,27,0,0
./instances/synthetic3/synth-n_1300-m_45241-k_50-p_0.05.txt,39,22224436500,40272776600,1226957500,0,29174000,0,200,63808083400,12,0,0
./instances/complex3/bitcoinalpha-n_1500,0,47379200,0,0,0,0,0,0,47379900,0,93,168
./instances/synthetic3/synth-n_1300-m_178841-k_50-p_0.2.txt,0,188362145000,0,467776900,0,122594600,0,0,-1,50,0,0
./instances/synthetic3/synth-n_150-m_666-k_20-p_0.05.txt,19,11953300,15941700,2084800,456100,400700,1530800,200,33630400,9,0,1
./instances/synthetic3/synth-n_100-m_336-k_30-p_0.05.txt,14271,3320900,611334200,1171437600,58909400,9973700,377345800,100,2438269500,8,0,1
./instances/synthetic3/synth-n_200-m_4301-k_10-p_0.2.txt,1,149243000,45598500,2440400,0,2257200,0,400,200891700,10,0,0
./instances/complex3/bitcoinalpha-n_1000,0,9977900,0,0,0,0,0,0,9978200,0,67,69
./instances/synthetic3/synth-n_300-m_10205-k_30-p_0.2.txt,2,1040534300,544310600,16747100,0,5495600,0,200,1610983300,29,0,0
./instances/synthetic3/synth-n_200-m_2369-k_25-p_0.1.txt,55,88503500,174571600,99169200,21295100,2780600,32239000,200,422517500,21,0,0
./instances/complex3/openflights-n_1500,2,68088000,4100,13900,0,12500,12600,100,68139200,2,181,230
./instances/complex3/ucsocial-n_200,0,440400,0,0,0,0,0,0,440300,0,19,4
./instances/complex3/link-kv-n_1000,9,11427400,115400,63700,0,36200,27100,100,11710200,4,201,26
./instances/complex3/usairport-n_50,0,53000,0,0,0,0,0,0,53200,0,5,0
./instances/synthetic3/synth-n_300-m_2597-k_25-p_0.05.txt,242,130691300,1176613200,184567600,36733400,4340900,116622000,200,1691906900,8,0,0
./instances/complex3/ChicagoRegional-n_8000,206,888625100,2493000,1747200,73600,720900,911800,100,895368400,155,2203,647
./instances/synthetic3/synth-n_200-m_2293-k_20-p_0.1.txt,5,87327400,121414200,2444400,0,1676100,782900,200,214742200,17,0,0
./instances/complex3/usairport-n_200,7,1367500,506400,153300,0,50100,0,100,2178700,8,12,7
./instances/complex3/talk-oc-n_3066,0,65992300,0,0,0,0,0,0,65992400,0,16,14
./instances/complex3/chess-n_50,0,18700,0,0,0,0,0,0,18800,0,0,0
./instances/synthetic3/synth-n_500-m_29623-k_70-p_0.2.txt,2,7279068900,5136173400,99613400,0,18273400,0,300,12542816700,69,0,0
./instances/synthetic3/synth-n_700-m_29736-k_100-p_0.1.txt,1408,8422360900,9074568500,123098569300,15939464900,561848200,22115515800,1211600,-1,98,0,0
./instances/synthetic3/synth-n_250-m_6567-k_10-p_0.2.txt,1,265948800,109360700,2957300,0,3678900,0,700,384377000,10,0,0
./instances/synthetic3/synth-n_500-m_14453-k_50-p_0.1.txt,3,2289638900,2720765800,42712600,0,7742900,0,200,5066306600,48,0,0
./instances/complex3/bitcoinalpha-n_3000,17,361202200,537500,303200,59500,71900,101200,200,362428700,6,160,490
./instances/synthetic3/synth-n_200-m_2169-k_15-p_0.1.txt,2,86615000,37540300,1254000,0,949500,0,200,127179500,13,0,1
./instances/complex3/talk-oc-n_1500,0,1266300,0,0,0,0,0,0,1266600,0,6,9
./instances/complex3/usairport-n_100,0,292800,0,0,0,0,0,0,293000,0,5,8
./instances/synthetic3/synth-n_400-m_17175-k_20-p_0.2.txt,1,1891244800,838678100,20331800,0,9354800,0,200,2764598000,20,0,0
./instances/synthetic3/synth-n_1000-m_114433-k_100-p_0.2.txt,2,119475196800,72984196400,729420000,0,80871900,0,400,-1,99,0,0
./instances/synthetic3/synth-n_300-m_5319-k_30-p_0.1.txt,3,390753100,549508400,9407700,0,3073200,0,200,955256600,28,0,0
./instances/synthetic3/synth-n_500-m_28432-k_50-p_0.2.txt,4,6749785900,4825034600,149811900,0,29055000,0,300,11765398100,47,0,0
./instances/synthetic3/synth-n_200-m_1175-k_20-p_0.05.txt,416,41067400,161303900,263929400,24451200,5468000,58699300,100,574360200,11,0,0
./instances/synthetic3/synth-n_300-m_10021-k_20-p_0.2.txt,1,835501600,354902800,8004600,0,5619100,0,400,1206324200,20,0,0
./instances/complex3/openflights-n_2942,24,737996600,534000,547800,67800,109900,154100,100,739545300,20,229,746
./instances/synthetic3/synth-n_300-m_10113-k_25-p_0.2.txt,1,955198100,431133900,10170100,0,5586300,0,200,1404587100,25,0,0
./instances/synthetic3/synth-n_400-m_4511-k_25-p_0.05.txt,2,287389000,304257500,4963300,0,2151000,0,200,600829300,23,0,1
./instances/synthetic3/synth-n_50-m_325-k_15-p_0.2.txt,2023,2861800,107580600,161753800,12350700,1228200,67128600,300,376332700,10,0,0
./instances/synthetic3/synth-n_250-m_1841-k_30-p_0.05.txt,54485,85847000,100004610400,53348538000,4928023000,474277900,14945845600,99500,-1,15,0,0
./instances/synthetic3/synth-n_250-m_7102-k_25-p_0.2.txt,2,531321700,240705400,10975100,0,3659700,0,100,788686700,24,0,0
./instances/synthetic3/synth-n_400-m_18943-k_50-p_0.2.txt,1,3424983200,1642446200,28665400,0,10440800,0,400,5110908700,50,0,0
./instances/synthetic3/synth-n_150-m_2731-k_25-p_0.2.txt,3,83965100,123360900,4232700,0,1334000,0,400,213871200,23,0,0
./instances/complex3/blogs-n_50,0,209600,0,0,0,0,0,0,209700,0,5,1
./instances/synthetic3/synth-n_500-m_26431-k_20-p_0.2.txt,1,3556173800,1694951100,25011300,0,15001400,0,200,5297910400,20,0,0
./instances/complex3/bitcoinalpha-n_50,0,30700,0,0,0,0,0,0,30700,0,2,0
./instances/synthetic3/synth-n_1000-m_28175-k_70-p_0.05.txt,189,8157465300,22007871300,12384766700,1487451200,73795600,2451352800,200,46652140400,68,0,0
./instances/synthetic3/synth-n_300-m_9556-k_15-p_0.2.txt,1,703620200,280234800,6676300,0,4955500,0,400,998886400,15,0,0
./instances/complex3/health-n_1000,0,24385400,0,0,0,0,0,0,24385500,0,152,79
./instances/complex3/talk-oc-n_3000,0,69117400,0,0,0,0,0,0,69117700,0,14,15
./instances/synthetic3/synth-n_400-m_17822-k_30-p_0.2.txt,1,2572165600,1188844200,20266900,0,9104100,0,300,3795852700,30,0,0
./instances/synthetic3/synth-n_250-m_1806-k_20-p_0.05.txt,75,71214500,180735300,43638000,4520700,1006800,19139400,200,331558300,14,0,1
./instances/synthetic3/synth-n_400-m_4312-k_15-p_0.05.txt,1,229011700,89083200,1603300,0,1633500,0,200,322194000,12,0,3
./instances/synthetic3/synth-n_250-m_3591-k_20-p_0.1.txt,5,185508400,195948500,10094100,0,1785000,0,200,396084600,16,0,0
./instances/synthetic3/synth-n_150-m_2446-k_10-p_0.2.txt,7,51604700,32992400,3823000,0,1067900,0,200,90184600,4,0,0
./instances/synthetic3/synth-n_100-m_591-k_15-p_0.1.txt,106,7376800,41954100,21500200,801400,857300,9881500,200,86819600,10,0,0
./instances/synthetic3/synth-n_500-m_13710-k_30-p_0.1.txt,2,1926819300,999295300,24373700,0,7498700,0,300,2962864100,29,0,0
./instances/complex3/health-n_50,0,60100,0,0,0,0,0,0,60100,0,2,0
./instances/complex3/chess-n_200,0,179800,0,0,0,0,0,0,180500,0,2,0
./instances/synthetic3/synth-n_1600-m_141523-k_100-p_0.1.txt,0,197540233400,0,696839100,0,136623500,0,0,-1,100,0,0
./instances/synthetic3/synth-n_400-m_17488-k_25-p_0.2.txt,1,2271987300,1106283500,17326300,0,10260600,0,300,3412542600,25,0,0
./instances/synthetic3/synth-n_1300-m_92255-k_70-p_0.1.txt,1,77586724600,43842226700,319644100,0,63155900,0,200,121844975700,70,0,0
./instances/synthetic3/synth-n_100-m_302-k_15-p_0.05.txt,1,2262200,120200,24400,0,30000,0,100,2451500,4,0,4
./instances/complex3/wikispeedia-n_500,5,7668500,526000,137800,0,57000,24400,200,8473400,7,22,25
./instances/synthetic3/synth-n_200-m_5144-k_50-p_0.2.txt,19936,358011300,19752203500,116327431600,14287038500,1003038400,26011654100,232800,-1,42,0,0
./instances/complex3/chess-n_500,0,2061700,0,0,0,0,0,0,2061800,0,1,16
./instances/synthetic3/synth-n_50-m_293-k_10-p_0.2.txt,21,1910300,3876900,1289200,0,132900,703500,100,8270400,7,0,0
./instances/synthetic3/synth-n_250-m_1653-k_10-p_0.05.txt,0,34797100,0,0,0,0,0,0,34797100,0,0,10
./instances/synthetic3/synth-n_50-m_169-k_20-p_0.1.txt,126,1159800,2569100,4506000,202300,123900,1963800,200,11360100,4,0,0
./instances/synthetic3/synth-n_700-m_28433-k_70-p_0.1.txt,9,7283908800,13981320400,386610800,0,17213900,105788500,100,21794987100,67,0,0
./instances/complex3/openflights-n_500,0,4212700,0,0,0,0,0,0,4212800,0,40,40
./instances/synthetic3/synth-n_700-m_13000-k_25-p_0.05.txt,6,2002029200,1295243100,39011800,0,9761500,0,200,3352950400,20,0,0
./instances/synthetic3/synth-n_700-m_13738-k_50-p_0.05.txt,264,2406978600,10717140900,5529964000,751625500,49100200,1262548900,200,20781521500,47,0,0
./instances/synthetic3/synth-n_500-m_26954-k_25-p_0.2.txt,5,4299415800,2504493200,140952600,0,14564100,0,200,6969546900,21,0,0
./instances/complex3/temporalGraph-n_1500,0,37887300,0,0,0,0,0,0,37887400,0,18,59
./instances/synthetic3/synth-n_700-m_52169-k_30-p_0.2.txt,1,13377416500,5653582400,71231600,0,30113400,0,200,19150206900,30,0,0
./instances/synthetic3/synth-n_300-m_4934-k_25-p_0.1.txt,1,372651500,204452000,6058700,0,3265900,0,200,587526300,25,0,0
./instances/synthetic3/synth-n_50-m_95-k_15-p_0.05.txt,2,332800,98800,32900,0,25100,22900,200,527100,4,0,0
./instances/synthetic3/synth-n_50-m_139-k_5-p_0.1.txt,0,263300,0,0,0,0,0,0,263400,0,0,1
./instances/synthetic3/synth-n_700-m_27622-k_50-p_0.1.txt,1,6929421800,3498642200,59071300,0,16696800,0,200,10511830900,50,0,0
./instances/complex3/wikispeedia-n_100,0,62300,0,0,0,0,0,0,62300,0,0,0
./instances/complex3/wikispeedia-n_50,0,37700,0,0,0,0,0,0,38100,0,0,0
./instances/synthetic3/synth-n_400-m_9014-k_30-p_0.1.txt,10,934675200,1064155300,51473700,0,4804200,0,200,2062008800,21,0,0
./instances/synthetic3/synth-n_500-m_6745-k_25-p_0.05.txt,1,598840600,608022600,7897600,0,3659000,0,100,1220416300,25,0,0
./instances/complex3/ChicagoRegional-n_100,0,18900,0,0,0,0,0,0,19100,0,1,0
./instances/complex3/ChicagoRegional-n_5000,24,134963900,141200,119300,0,98900,108400,100,135489700,24,1320,139
./instances/synthetic3/synth-n_250-m_1708-k_15-p_0.05.txt,4,43628400,32513800,620200,0,649000,0,200,78651600,11,0,1
./instances/complex3/bitcoinalpha-n_500,5,1334500,24700,21100,0,11000,19100,100,1426200,2,33,18
./instances/synthetic3/synth-n_1000-m_54531-k_50-p_0.1.txt,1,24603811800,12219095800,127598200,0,39476400,0,200,37006562300,50,0,0
./instances/complex3/ucsocial-n_1500,8066,598290400,477173500,1057824800,116398800,34489000,291886100,100,2777256200,59,59,308
./instances/complex3/link-kv-n_200,0,289900,0,0,0,0,0,0,290200,0,20,0
./instances/synthetic3/synth-n_100-m_515-k_5-p_0.1.txt,1,3911700,1114400,88300,0,178300,0,200,5366700,5,0,0
./instances/synthetic3/synth-n_500-m_13672-k_25-p_0.1.txt,1,1893440000,976359600,12184500,0,8223600,0,200,2894049000,25,0,0
./instances/complex3/chess-n_100,0,31400,0,0,0,0,0,0,31600,0,0,0
./instances/synthetic3/synth-n_100-m_1263-k_25-p_0.2.txt,870,23554600,264794600,809961800,64202900,10826800,206442300,200,1412775100,20,0,0
./instances/complex3/ucsocial-n_50,0,68100,0,0,0,0,0,0,68100,0,3,0
./instances/synthetic3/synth-n_400-m_19735-k_70-p_0.2.txt,5,3577856100,5794803300,108560900,0,10848100,30180200,200,9533044500,67,0,0
./instances/complex3/health-n_100,0,70100,0,0,0,0,0,0,70100,0,4,0
./instances/complex3/link-kv-n_100,0,60500,0,0,0,0,0,0,60700,0,8,0
./instances/complex3/temporalGraph-n_200,0,286400,0,0,0,0,0,0,286900,0,2,3
./instances/complex3/ChicagoRegional-n_4000,4,53808800,7800,22900,0,20300,22600,0,53894700,4,945,71
./instances/complex3/blogs-n_200,0,938100,0,0,0,0,0,0,938100,0,9,7
./instances/synthetic3/synth-n_300-m_2470-k_20-p_0.05.txt,6,99487600,95968400,4084000,0,1159600,1789800,100,204129900,16,0,1
./instances/synthetic3/synth-n_700-m_51621-k_25-p_0.2.txt,1,11478278800,5052766300,71103000,0,28560400,0,200,16645456900,25,0,0
./instances/synthetic3/synth-n_700-m_54187-k_50-p_0.2.txt,2,19751076300,9716131200,188947800,0,41142700,0,200,29713941600,49,0,0
./instances/synthetic3/synth-n_400-m_8590-k_20-p_0.1.txt,3,771385000,410832600,9323500,0,4292000,0,200,1198469900,17,0,1
./instances/synthetic3/synth-n_500-m_27136-k_30-p_0.2.txt,1,4803553900,2518589000,39340600,0,13654300,0,200,7381820100,30,0,0
./instances/synthetic3/synth-n_700-m_26206-k_30-p_0.1.txt,1,5606536000,2505403700,36256300,0,15323300,0,200,8176769700,30,0,0
./instances/complex3/temporalGraph-n_1000,0,13697300,0,0,0,0,0,0,13697600,0,23,17
./instances/synthetic3/synth-n_700-m_13374-k_30-p_0.05.txt,2,2073155800,1250674100,18861500,0,8078100,0,400,3355338800,29,0,0
./instances/synthetic3/synth-n_150-m_2552-k_20-p_0.2.txt,1,76664400,46836800,1950800,0,1125500,0,200,127242200,20,0,0
./instances/synthetic3/synth-n_50-m_84-k_10-p_0.05.txt,0,200600,0,0,0,0,0,0,200900,0,0,1
./instances/synthetic3/synth-n_150-m_1254-k_10-p_0.1.txt,3,23243600,11698800,700800,0,488300,0,200,36642700,8,0,0
./instances/complex3/advotogo-n_200,0,206900,0,0,0,0,0,0,207000,0,9,0
./instances/synthetic3/synth-n_150-m_1385-k_25-p_0.1.txt,1463,34153900,918089200,1280019400,168887700,18614700,391428000,100,2878832900,21,0,0
./instances/complex3/advotogo-n_1000,1,13457700,42900,21100,0,27000,0,200,13561800,3,74,50
./instances/synthetic3/synth-n_100-m_1151-k_15-p_0.2.txt,2,17636700,17067000,845100,0,499200,0,200,36428900,14,0,0
./instances/synthetic3/synth-n_400-m_4229-k_20-p_0.05.txt,2,261196500,238886300,2451300,0,1888700,0,200,505940300,18,0,1
./instances/synthetic3/synth-n_50-m_269-k_5-p_0.2.txt,0,1278400,0,0,0,0,0,0,1278400,0,0,5
./instances/synthetic3/synth-n_100-m_263-k_5-p_0.05.txt,0,1485400,0,0,0,0,0,0,1485600,0,0,5
./instances/synthetic3/synth-n_300-m_10954-k_50-p_0.2.txt,3,1224850800,1573871400,28643600,0,6207900,0,200,2838614100,48,0,0
./instances/synthetic3/synth-n_1000-m_110357-k_70-p_0.2.txt,4,91523640700,63709886000,987156600,0,82107400,0,200,156350320000,67,0,0
./instances/synthetic3/synth-n_200-m_1076-k_10-p_0.05.txt,0,17491700,0,0,0,0,0,0,17491800,0,0,10
./instances/synthetic3/synth-n_1000-m_116757-k_120-p_0.2.txt,3,125802303300,69713458100,1324521700,0,77205100,0,0,-1,117,0,0
./instances/synthetic3/synth-n_200-m_4854-k_30-p_0.2.txt,2,263312600,253359000,6034200,0,2300900,0,300,526480000,29,0,0
./instances/complex3/openflights-n_200,2,329500,3700,11400,0,9000,10300,100,371200,2,23,1
./instances/complex3/usairport-n_1000,72408,325077300,3446318900,4445711800,703398000,158501900,1690011600,100,11930039600,59,24,149
./instances/synthetic3/synth-n_100-m_1275-k_30-p_0.2.txt,112881,32949800,52771230400,87653842700,11060644100,1069170600,22886190900,82200,-1,22,0,0
./instances/complex3/chess-n_1000,87870,25818000,3044647200,8286089200,1231373400,245330600,3478500700,100,17255903200,27,13,14
./instances/synthetic3/synth-n_200-m_4763-k_25-p_0.2.txt,7,265610300,276499400,23374800,0,2205800,0,200,570182900,19,0,0
./instances/synthetic3/synth-n_400-m_4551-k_30-p_0.05.txt,9,334711900,396461900,47025900,0,2334700,18425800,100,801372100,27,0,0
./instances/complex3/advotogo-n_50,0,8500,0,0,0,0,0,0,8600,0,0,0
./instances/complex3/bitcoinalpha-n_200,0,235800,0,0,0,0,0,0,235800,0,8,3
./instances/synthetic3/synth-n_400-m_9687-k_50-p_0.1.txt,188,1090021200,3871479300,2787193400,400923700,25765500,618993900,200,8856092200,49,0,0
./instances/synthetic3/synth-n_150-m_1284-k_20-p_0.1.txt,40,32449100,63772500,29736200,2393200,1034000,11982100,300,143198500,18,0,0
./instances/complex3/openflights-n_1000,3,20353900,56300,29900,0,34900,12000,100,20503200,6,79,116
./instances/complex3/advotogo-n_500,0,1671900,0,0,0,0,0,0,1672100,0,35,4
./instances/synthetic3/synth-n_200-m_2199-k_10-p_0.1.txt,2,70118200,23980300,1689600,0,1176700,0,200,97506100,9,0,0
./instances/complex3/ucsocial-n_1000,116,196557800,10431700,10497100,1095500,559600,2139200,100,225456300,31,32,190
./instances/complex3/bitcoinalpha-n_100,0,27400,0,0,0,0,0,0,27200,0,2,0
./instances/complex3/temporalGraph-n_1868,6,97577900,348600,81400,0,49300,19500,200,98146800,6,16,82
./instances/complex3/talk-oc-n_200,0,136900,0,0,0,0,0,0,137100,0,0,0
./instances/synthetic3/synth-n_200-m_1167-k_15-p_0.05.txt,13,24285200,31410700,3004100,0,520700,2036200,100,63054100,10,0,1
./instances/synthetic3/synth-n_1000-m_57929-k_100-p_0.1.txt,9,30187479400,68763933900,1350635000,0,37862000,523157700,100,100917446000,97,0,0
./instances/synthetic3/synth-n_700-m_58597-k_100-p_0.2.txt,4,28171396400,29221292800,446380500,0,47823600,0,200,57921540800,97,0,0
./instances/complex3/ucsocial-n_500,0,8265200,0,0,0,0,0,0,8265300,0,31,49
./instances/complex3/talk-oc-n_1000,0,4994800,0,0,0,0,0,0,4995100,0,1,6
./instances/synthetic3/synth-n_100-m_1093-k_5-p_0.2.txt,0,8602000,0,0,0,0,0,0,8602200,0,0,5
./instances/synthetic3/synth-n_1000-m_27142-k_50-p_0.05.txt,1,7740788000,8223014400,64375300,0,17100800,0,200,16052784600,50,0,0
./instances/synthetic3/synth-n_250-m_3493-k_25-p_0.1.txt,4,180800700,239407800,6632100,0,1871800,0,100,430925600,21,0,1
./instances/complex3/advotogo-n_3000,243,900940100,14909700,16895800,5856600,704900,949800,100,946695000,24,165,354
./instances/synthetic3/synth-n_50-m_164-k_15-p_0.1.txt,41,1168200,1248500,2123700,0,91200,712000,100,5599300,6,0,1
./instances/complex3/ChicagoRegional-n_10000,542,2031682300,9315400,8560000,556900,1861400,2752400,100,2057443000,378,2408,1348
./instances/synthetic3/synth-n_400-m_8815-k_25-p_0.1.txt,2,1091813600,766844900,19090000,0,5699900,0,300,1887303900,24,0,0
./instances/synthetic3/synth-n_200-m_1245-k_25-p_0.05.txt,4393,43143400,2000482800,2404502000,302743100,38711400,686189800,200,5689039700,15,0,0
./instances/complex3/advotogo-n_1500,7,65296500,165100,54300,0,42500,13600,100,65609400,7,89,118
./instances/complex3/ChicagoRegional-n_50,0,24500,0,0,0,0,0,0,24500,0,2,0
./instances/synthetic3/synth-n_150-m_634-k_10-p_0.05.txt,0,6292300,0,0,0,0,0,0,6292700,0,0,7
./instances/synthetic3/synth-n_100-m_289-k_10-p_0.05.txt,2,1332400,115800,40200,0,32100,17400,200,1552700,3,0,1
./instances/synthetic3/synth-n_500-m_6906-k_20-p_0.05.txt,6,639112200,378773100,14121000,0,3793800,0,400,1040144300,15,0,0
./instances/complex3/link-kv-n_500,8,1722500,48400,56300,0,21400,30100,100,1904500,3,72,6
./instances/complex3/advotogo-n_100,0,88400,0,0,0,0,0,0,88400,0,2,0
./instances/synthetic3/synth-n_250-m_6839-k_20-p_0.2.txt,1,446879400,162646000,5366700,0,3319800,0,300,620339100,20,0,0
./instances/complex3/talk-oc-n_500,0,67600,0,0,0,0,0,0,67600,0,3,0
./instances/complex3/ChicagoRegional-n_2000,2,4013100,3500,12000,0,9400,9700,100,4055200,2,293,12
./instances/complex3/advotogo-n_2000,7,162197100,37800,38300,0,25400,44900,100,162365700,4,99,193
./instances/synthetic3/synth-n_400-m_8510-k_15-p_0.1.txt,1,690234500,184119000,3657900,0,4024200,0,400,884040400,12,0,3
./instances/synthetic3/synth-n_100-m_691-k_25-p_0.1.txt,212417,11102700,66033290100,78702677400,7592678100,740694000,19441090700,10200,-1,15,0,0
./instances/synthetic3/synth-n_1600-m_68907-k_70-p_0.05.txt,34,57605715300,121134130900,3981600600,0,48830100,0,300,-1,37,0,0
./instances/synthetic3/synth-n_100-m_343-k_25-p_0.05.txt,1072,2939000,57019200,71513200,4441700,1099900,29688300,100,180886300,8,0,0
./instances/synthetic3/synth-n_1300-m_46137-k_70-p_0.05.txt,7,22235081300,36216853400,750435700,0,30774100,240765600,200,59498349100,68,0,0
./instances/complex3/bitcoinalpha-n_3785,7,939627400,366100,114100,0,91700,40800,100,940283100,14,193,713
./instances/synthetic3/synth-n_1300-m_95352-k_100-p_0.1.txt,1,86776153200,54096089000,470114700,0,79951900,0,200,141455669800,100,0,0
./instances/synthetic3/synth-n_50-m_343-k_20-p_0.2.txt,881575,3201100,38801166200,93346889300,7322080300,314008300,30069513500,200,179342541900,11,0,0
./instances/synthetic3/synth-n_700-m_55984-k_70-p_0.2.txt,3,24659714700,17964000900,377684200,0,34608300,0,200,43057218900,68,0,0
./instances/synthetic3/synth-n_700-m_14360-k_70-p_0.05.txt,4543,2619360700,37164418000,104677742600,13249135600,778199900,20156797200,1057900,-1,69,0,0
./instances/complex3/talk-oc-n_100,0,8400,0,0,0,0,0,0,8500,0,0,0
./instances/complex3/talk-oc-n_2000,0,2153100,0,0,0,0,0,0,2153200,0,9,6
./instances/complex3/bitcoinalpha-n_2000,6,91885100,74900,39600,0,39500,12700,100,92078000,6,129,257
./instances/synthetic3/synth-n_400-m_16937-k_15-p_0.2.txt,1,1497418700,541198100,18218700,0,15361700,0,300,2076986900,15,0,0
./instances/synthetic3/synth-n_500-m_13283-k_20-p_0.1.txt,1,1686667700,707914800,13352200,0,14516700,0,200,2425933100,20,0,0
./instances/complex3/temporalGraph-n_500,2,1099400,115100,41000,0,30300,14100,200,1315000,6,7,4
./instances/complex3/ChicagoRegional-n_1500,0,2786600,0,0,0,0,0,0,2786700,0,179,2
./instances/complex3/ChicagoRegional-n_1000,0,1060900,0,0,0,0,0,0,1061000,0,90,2
./instances/complex3/blogs-n_500,1990,25310200,27088800,39828000,5291500,1509400,14828700,100,131577600,19,22,30
./instances/synthetic3/synth-n_500-m_6986-k_30-p_0.05.txt,5,655991500,937093900,21798600,0,3770700,4587600,200,1626797200,26,0,1
./instances/complex3/openflights-n_2000,13,222440000,63200,73000,0,52100,68900,100,222736700,10,198,384
./instances/complex3/ChicagoRegional-n_6000,74,282643900,405300,355500,0,257200,300900,100,284164000,64,1637,280
./instances/synthetic3/synth-n_300-m_4954-k_20-p_0.1.txt,1,309043000,127378700,4187900,0,3657300,0,200,445523100,20,0,0
./instances/synthetic3/synth-n_100-m_628-k_20-p_0.1.txt,5135,9584300,521035600,1110154400,116512900,10300900,318072400,200,2192321200,14,0,0
./instances/synthetic3/synth-n_150-m_1269-k_15-p_0.1.txt,1,29770200,17022500,687900,0,493900,0,200,48197000,13,0,2
./instances/complex3/talk-oc-n_50,0,8600,0,0,0,0,0,0,8800,0,0,0
./instances/synthetic3/synth-n_300-m_2373-k_15-p_0.05.txt,1,95590100,74518200,1444300,0,1047800,0,100,173120300,15,0,0
./instances/synthetic3/synth-n_50-m_72-k_5-p_0.05.txt,0,238900,0,0,0,0,0,0,239100,0,0,2